AVAV,open,high,low,close,volume,market_return,stock_return,residual_return,residual_price,residual_gap_pct,volume_gap_product,earnings_classification,is_earnings_date,event_strength
2024-02-26 05:00:00,122.84,124.495,122.24,122.24,174916.0,,,,100.0,,,none,False,0.0
2024-02-27 05:00:00,123.04,127.07,121.74,126.85,279493.0,0.0018577442241940467,0.037712696335078455,0.03389787543127362,103.38978754312735,3.389787543127354,947421.8897912935,none,False,0.0
2024-02-28 05:00:00,126.7,127.63,125.448,126.61,208023.0,-0.0013216814944864153,-0.001891998423334651,-0.002395265501518549,103.14214155181595,0.23952655015186952,49827.03154224235,none,False,0.0
2024-02-29 05:00:00,128.0,128.5,125.44,126.79,269809.0,0.0035949907162327044,0.0014216886501856596,-0.0042025738873569755,102.70867908104422,0.42025738873568974,113389.22579738771,none,False,0.0
2024-03-01 05:00:00,130.8,130.9959,127.725,128.73,305052.0,0.00938828530940028,0.015300891237479242,0.0036425808653750523,103.08280375017279,0.3642580865375056,111117.65781443915,none,False,0.0
2024-03-04 05:00:00,135.0,135.0,129.59,130.65,967521.0,-0.0010724383347958666,0.014914938242833964,0.01415207015112941,104.54163882022034,1.4152070151129514,1369242.506469098,none,False,0.0
2024-03-05 05:00:00,150.64,171.7,150.11,167.15,3307117.0,-0.009994144056217014,0.2793723689246077,0.28790196787789457,134.63938236174187,28.790196787789448,95212549.23024388,surprising_positive,True,21.589999999999975
2024-03-06 05:00:00,171.2,184.22,169.0691,182.25,1432374.0,0.005067234512401875,0.09033801974274591,0.08318033104374098,145.83873075811636,8.31803310437409,11914534.349844731,surprising_positive,True,15.150900000000007
2024-03-07 05:00:00,183.0,184.61,173.49,177.67,742195.0,0.0099264345267287,-0.025130315500685896,-0.03734913907771517,140.39177972011402,3.734913907771509,2772034.427778475,none,False,0.0
2024-03-08 05:00:00,176.9,177.0,161.54,166.23,837717.0,-0.006002214409199347,-0.06438903585298583,-0.06001726006144824,131.96584976616236,6.001726006144836,5027747.904689634,none,False,0.0
2024-03-11 04:00:00,165.51,165.51,159.0308,159.89,398811.0,-0.0008598452278590907,-0.03813992660771226,-0.03912422258572998,126.80278848619602,3.9124222585730006,1560317.033363757,none,False,0.0
2024-03-12 04:00:00,160.0,164.43,158.475,162.01,296105.0,0.01075731497418242,0.013259115642003882,0.00017488253260756342,126.82496407898817,0.017488253260733444,5178.3592317694765,none,False,0.0
2024-03-13 04:00:00,160.83,162.58,159.65,161.21,231079.0,-0.0015673981191220987,-0.004937966792173176,-0.005185305944898678,126.16733783878784,0.5185305944898633,119821.53124412312,none,False,0.0
2024-03-14 04:00:00,161.99,165.72,154.75,158.1,406945.0,-0.0019768591197162344,-0.0192916072203958,-0.019112469309985877,123.75596846642138,1.9112469309986002,777772.3823352254,none,False,0.0
2024-03-15 04:00:00,155.24,156.46,148.08,148.6,1295448.0,-0.009942712884746241,-0.06008855154965209,-0.05161252110455194,117.36861093213395,5.1612521104551945,6686133.7239849605,none,False,0.0
2024-03-18 04:00:00,148.66,150.71,143.42,144.36,556419.0,0.005943157523095932,-0.028532974427994517,-0.036602987066499185,113.07256918417208,3.6602987066499115,2036659.746055437,none,False,0.0
2024-03-19 04:00:00,143.39,146.49,141.03,145.68,508081.0,0.005557072105447869,0.009143807148794592,0.0014759245661414983,113.23945576678773,0.147592456614154,74988.92294897597,none,False,0.0
2024-03-20 04:00:00,145.09,150.87,144.476,149.18,453477.0,0.009249384343914091,0.024025260845689234,0.012511623777614656,114.65626523412362,1.2511623777614833,567373.3615801441,none,False,0.0
2024-03-21 04:00:00,149.57,151.4,147.17,149.66,310362.0,0.0033046418690441115,0.003217589489207695,-0.0021042581090511686,114.4149988582512,0.2104258109051238,65308.17552413603,none,False,0.0
2024-03-22 04:00:00,150.33,150.3912,147.58,148.91,162745.0,-0.001895825354270464,-0.0050113590805827,-0.004916622473964764,113.85246350350606,0.4916622473964849,80015.57245254093,none,False,0.0
2024-03-25 04:00:00,149.46,153.23,149.07,152.13,310381.0,-0.0027628019416359173,0.02162379961050309,0.022621541944773442,116.42798178216643,2.2621541944773504,702129.6810360745,none,False,0.0
2024-03-26 04:00:00,153.11,153.11,149.8,150.76,284037.0,-0.001846970775535417,-0.009005455860119693,-0.008961604092911149,115.38460030409799,0.8961604092911135,254542.71417382002,none,False,0.0
2024-03-27 04:00:00,151.65,152.6,147.56,149.28,259760.0,0.008403847265858522,-0.009816927566993816,-0.02044988938321777,113.02499799135236,2.044988938321801,531206.3266184711,none,False,0.0
2024-03-28 04:00:00,148.77,154.685,148.77,153.28,327931.0,-0.00019114245847418054,0.026795284030010746,0.02511449585179816,115.86356383455569,2.511449585179837,823582.173917609,none,False,0.0
2024-04-01 04:00:00,155.11,155.4,148.74,149.42,177473.0,-0.001739728908176863,-0.025182672233820536,-0.02525051900827987,112.9379487135842,2.5250519008279793,448128.53599564394,none,False,0.0
2024-04-02 04:00:00,148.21,148.21,144.4034,145.85,293003.0,-0.006358204381798571,-0.023892383884352775,-0.019149824165165218,110.77520685414461,1.9149824165165308,561095.592986593,none,False,0.0
2024-04-03 04:00:00,145.56,147.285,144.64,146.9,212833.0,0.0010986045794463273,0.007199177236887344,0.0041750437141319955,111.23769818520269,0.41750437141321317,88858.7078809884,none,False,0.0
2024-04-04 04:00:00,148.7,149.61,145.74,146.42,216358.0,-0.012206156985810623,-0.0032675289312458222,0.007566008068550539,112.07932350719891,0.7566008068550456,163696.63736954395,none,False,0.0
2024-04-05 04:00:00,147.33,148.7673,146.0051,148.53,262293.0,0.010446917574599812,0.014410599644857358,0.0016496631893225325,112.26421664147293,0.1649663189322803,43269.5106917046,none,False,0.0
2024-04-08 04:00:00,149.78,152.96,149.37,152.31,235652.0,0.00055938120864929,0.02544940416077557,0.022986902635250286,114.84482325883309,2.298690263525005,541690.9579801945,none,False,0.0
2024-04-09 04:00:00,151.03,152.0,147.22,149.85,193691.0,0.001156693399136488,-0.016151270435296516,-0.01923590678783667,112.63567894356059,1.923590678783671,372582.202164288,none,False,0.0
2024-04-10 04:00:00,145.82,148.7683,145.76,147.44,236977.0,-0.010013094046060322,-0.016082749416082676,-0.0075334129639788375,111.78714785960062,0.7533412963978803,178524.56039648046,none,False,0.0
2024-04-11 04:00:00,148.32,149.37,145.23,148.49,167424.0,0.007546876215669407,0.007121540965816742,-0.00261883646228131,111.49439560077145,0.26188364622814486,43845.60758610092,none,False,0.0
2024-04-12 04:00:00,148.52,150.9,145.0101,147.12,239160.0,-0.013803088803088781,-0.009226210519226896,0.0032706223511702916,111.85905166305356,0.32706223511702603,78220.20415058795,none,False,0.0
2024-04-15 04:00:00,149.76,149.76,145.2,146.12,225125.0,-0.01252813937555064,-0.006797172376291516,0.004371727707555336,112.34806897854979,0.43717277075552285,98418.52001633708,none,False,0.0
2024-04-16 04:00:00,144.11,150.015,143.65,149.46,271804.0,-0.0018237684606997595,0.02285792499315642,0.02287761022173321,114.91832430980544,2.287761022173318,621822.5968707965,none,False,0.0
2024-04-17 04:00:00,150.4,150.45,144.87,146.62,174104.0,-0.005918217385259994,-0.019001739595878475,-0.014717451511423589,113.22701944400184,1.4717451511423452,256236.71779448687,none,False,0.0
2024-04-18 04:00:00,147.1,149.62,145.98,146.7,179041.0,-0.002057736489861184,0.000545628154412725,0.0008090044739592602,113.31862060930511,0.08090044739592628,14484.497002214037,none,False,0.0
2024-04-19 04:00:00,147.29,152.56,147.29,150.02,376508.0,-0.008728379244074214,0.022631220177232514,0.029842452646484188,116.70032617880321,2.984245264648422,1123592.216102248,none,False,0.0
2024-04-22 04:00:00,151.92,153.1,148.052,149.72,259797.0,0.00920914451894328,-0.00199973336888426,-0.013471458356565994,115.12820259448779,1.3471458356566046,349984.44666607893,none,False,0.0
2024-04-23 04:00:00,150.91,159.3257,150.91,158.3,586819.0,0.01186664532137982,0.05730697301629717,0.04306730886991987,120.0864644552633,4.306730886991983,2527271.5123737482,none,False,0.0
2024-04-24 04:00:00,160.75,162.81,155.0,157.99,424581.0,-0.0004746366063481666,-0.0019583070120025026,-0.003343819812521134,119.68491695620216,0.3343819812521298,141972.23598201052,none,False,0.0
2024-04-25 04:00:00,155.51,156.28,153.0,155.64,275406.0,-0.003798895945865799,-0.014874359136654358,-0.012797465607483832,118.1532533477206,1.279746560748396,352449.8813094727,none,False,0.0
2024-04-26 04:00:00,157.17,158.37,154.8174,158.09,202622.0,0.0094738723708514,0.015741454638910524,0.0039940004446667385,118.62515749413024,0.3994000444667023,80927.23580993216,none,False,0.0
2024-04-29 04:00:00,159.4,162.5,157.645,159.24,419289.0,0.0035414945106835294,0.007274337402745301,0.001705794224551655,118.82750760267027,0.17057942245517488,71522.07546180782,none,False,0.0
2024-04-30 04:00:00,157.3,163.17,156.471,159.79,332778.0,-0.015841273575657788,0.0034539060537552846,0.018073624997969745,120.97515141452433,1.8073624997969828,601450.4779574403,none,False,0.0
2024-05-01 04:00:00,159.17,164.72,157.18,162.53,445409.0,-0.003247141320371294,0.017147506101758525,0.018649715614842435,123.23130358486772,1.864971561484241,830675.1182291344,none,False,0.0
2024-05-02 04:00:00,164.26,166.0499,160.9,165.72,301356.0,0.009353452583191757,0.019627145757706188,0.008005115663217828,124.21778442339371,0.8005115663217932,241238.96358047033,none,False,0.0
2024-05-03 04:00:00,167.14,168.8,165.5968,168.77,251346.0,0.01239530324931204,0.018404537774559637,0.003614246144293412,124.66673807179862,0.3614246144293398,90842.63113835684,none,False,0.0
2024-05-06 04:00:00,169.74,181.37,169.44,179.89,583328.0,0.010326820395470282,0.06588848729039509,0.05325263891937061,131.30557085959188,5.325263891937082,3106375.535555874,none,False,0.0
2024-05-07 04:00:00,178.5,181.8202,177.33,179.59,421517.0,0.0011034322550669273,-0.0016676858079937018,-0.004696847631167055,130.68884860014097,0.4696847631167067,197980.11229466487,none,False,0.0
2024-05-08 04:00:00,179.36,182.695,179.0,181.46,355979.0,9.668561704767598e-05,0.010412606492566479,0.00843202890300979,131.7908207488384,0.8432028903009536,300162.5216864432,none,False,0.0
2024-05-09 04:00:00,182.01,190.12,180.23,187.33,579356.0,0.005761905682631019,0.032348726992174504,0.024467498517478366,135.01541246012786,2.4467498517478425,1417539.2071092231,none,False,0.0
2024-05-10 04:00:00,189.0,189.0,183.57,186.47,404298.0,0.0012880404483150976,-0.004590829018309983,-0.007812270838779724,133.9606354905798,0.7812270838779667,315848.5475576942,none,False,0.0
2024-05-13 04:00:00,188.02,192.495,187.12,187.28,356881.0,0.00013439827970196383,0.004343862283477273,0.0023240047976948635,134.27196065016216,0.23240047976949008,82939.3156206154,none,False,0.0
2024-05-14 04:00:00,188.74,195.36,186.77,194.26,349229.0,0.004588124628054802,0.037270397266125466,0.030611728928275822,138.38225751225306,3.0611728928275905,1069050.3481892867,none,False,0.0
2024-05-15 04:00:00,196.1,196.1,191.0,193.04,359809.0,0.012382954328301166,-0.006280242973334738,-0.02105767249571287,135.46824925434262,2.1057672495713,757674.0083009998,none,False,0.0
2024-05-16 04:00:00,191.62,197.55,190.5601,192.73,230697.0,-0.002057457812676855,-0.0016058847907169937,-0.001342798729404974,135.28634266136916,0.13427987294051258,30977.96384775743,none,False,0.0
2024-05-17 04:00:00,193.81,195.22,191.066,193.83,192616.0,0.0014375153681740471,0.005707466403777506,0.002330337900714431,135.601605553122,0.2330337900714463,44886.0365084017,none,False,0.0
2024-05-20 04:00:00,194.32,197.92,193.06,197.15,266809.0,0.0011521390121822517,0.017128411494608642,0.01404851879670179,137.50660725759798,1.404851879670188,374827.12516292324,none,False,0.0
2024-05-21 04:00:00,197.13,198.965,195.04,196.78,277059.0,0.0024525525412217863,-0.0018767435962465662,-0.0063110913995764635,136.63879049114962,0.6311091399576418,174854.46720752429,none,False,0.0
2024-05-22 04:00:00,196.44,197.705,195.32,196.18,185758.0,-0.002879403794037838,-0.003049090354710793,-0.0019299005187336498,136.3750912185016,0.19299005187336515,35849.446055892564,none,False,0.0
2024-05-23 04:00:00,197.77,200.08,195.6701,197.21,210555.0,-0.007304229658569694,0.00525028035477626,0.010978179535118364,137.87224145401646,1.097817953511826,231151.0592016825,none,False,0.0
2024-05-24 04:00:00,197.91,200.0,197.36,199.77,198709.0,0.006616472735569312,0.012981086151817811,0.004209777189698961,138.45265287118224,0.4209777189698949,83652.06155878885,none,False,0.0
2024-05-28 04:00:00,199.77,200.3881,197.1001,198.8,203672.0,0.0006988516168024983,-0.004855583921509754,-0.007463351858188166,137.41933200710503,0.7463351858188139,152007.57996608946,none,False,0.0
2024-05-29 04:00:00,197.22,199.7,195.59,197.75,249994.0,-0.007002510333893097,-0.005281690140845119,0.0001319510972446888,137.437464638746,0.013195109724484233,3298.6982604627115,none,False,0.0
2024-05-30 04:00:00,199.15,202.48,197.8783,200.44,245603.0,-0.006633719825128281,0.013603034134007652,0.018632558953532514,139.99827630105148,1.8632558953532552,457621.23766644555,none,False,0.0
2024-05-31 04:00:00,202.1,205.28,198.1,202.15,272637.0,0.00910813034576452,0.008531231291159402,-0.002835281654716592,139.60134175656316,0.28352816547165816,77300.26844969646,none,False,0.0
2024-06-03 04:00:00,204.0,204.97,200.91,203.27,210825.0,0.0008153668202588449,0.00554044026712841,0.0028113150785784237,139.9938051136332,0.281131507857868,59269.55014413502,none,False,0.0
2024-06-04 04:00:00,202.79,203.98,200.92,202.71,182105.0,0.001117847669571903,-0.0027549564618487565,-0.005799132764137438,139.1819624516224,0.5799132764137682,105605.10720132926,none,False,0.0
2024-06-05 04:00:00,203.55,205.0,202.12,204.41,243568.0,0.011885160582145726,0.008386364757535292,-0.005872584092447897,138.36460467297337,0.5872584092447619,143037.35622292818,none,False,0.0
2024-06-06 04:00:00,205.28,206.78,202.33,203.855,156182.0,-1.8703125292174327e-05,-0.0027151313536519783,-0.00457552496505059,137.73151397001283,0.4575524965050537,71461.4640091523,none,False,0.0
2024-06-07 04:00:00,202.69,205.79,201.16,202.29,163560.0,-0.001215725881868801,-0.007677025336636278,-0.00829065124857066,136.5896300217498,0.8290651248570757,135601.8918216233,none,False,0.0
2024-06-10 04:00:00,202.91,204.99,198.0491,204.89,243523.0,0.0030898297784685003,0.012852835038805743,0.007754726525299118,137.64884524876024,0.7754726525299072,188845.4267620406,none,False,0.0
2024-06-11 04:00:00,205.15,213.46,203.0,211.35,499401.0,0.0024082440353956347,0.031529113182683366,0.027140915223683542,141.38476088829478,2.714091522368367,1355420.020362285,none,False,0.0
2024-06-12 04:00:00,214.38,219.74,213.3,217.57,424246.0,0.008213055219294052,0.029429855689614426,0.018995614707780915,144.07045133168057,1.8995614707780994,805881.3557317256,none,False,0.0
2024-06-13 04:00:00,218.64,220.22,213.6701,215.51,327475.0,0.002013447613418151,-0.009468217125522815,-0.01344521201918303,142.13339356782672,1.344521201918314,440297.08059819986,none,False,0.0
2024-06-14 04:00:00,213.1,215.45,211.6,215.24,204397.0,0.0006083510000920445,-0.0012528420954943664,-0.0037663484610570555,141.59806967969772,0.37663484610570563,76983.03263946791,none,False,0.0
2024-06-17 04:00:00,211.39,216.8799,202.61,215.11,684292.0,0.007959025756291815,-0.0006039769559561536,-0.010773631715478228,140.07254422534606,1.077363171547796,737230.9993847845,none,False,0.0
2024-06-18 04:00:00,215.82,219.34,214.0,219.31,365539.0,0.002540668981904526,0.019524894240156243,0.014998768121475693,142.17345983636716,1.4998768121475603,548263.470035607,none,False,0.0
2024-06-20 04:00:00,222.21,224.0,203.0491,203.59,621419.0,-0.002716549071086094,-0.0716793579864119,-0.07072979066359575,132.11756078422178,7.072979066359563,4395283.578438094,none,False,0.0
2024-06-21 04:00:00,203.46,203.805,185.5029,189.48,1356232.0,-0.004552102376599643,-0.06930595805294959,-0.06644455692464757,123.33906799594897,6.644455692464756,9011423.432702862,surprising_negative,True,18.302099999999996
2024-06-24 04:00:00,189.27,193.1739,187.0021,190.49,434675.0,-0.0032506290058951226,0.005330377876293202,0.006836220013429668,124.18224100102064,0.6836220013429761,297153.3934337582,none,False,0.0
2024-06-25 04:00:00,190.6,194.37,188.33,192.71,455474.0,0.0038508309687881326,0.011654155073757222,0.0057634202729627895,124.89795544634788,0.5763420272962838,262508.80854074756,none,False,0.0
2024-06-26 04:00:00,195.53,201.95,192.77,192.81,788035.0,0.0012480957362845935,0.0005189144310102645,-0.002660922686081522,124.56561164325548,0.2660922686081646,209690.020892635,none,False,0.0
2024-06-27 04:00:00,177.0,178.585,162.5,177.91,1647751.0,0.0015765063885171404,-0.07727814947357503,-0.08080004507795449,114.50070460731747,8.080004507795447,13313835.507724456,negative_anticipated,True,16.085000000000008
2024-06-28 04:00:00,179.36,186.22,179.01,182.16,821056.0,-0.003935062320405525,0.023888482940812805,0.026107201541057837,117.48999757909384,2.6107201541057723,2143547.446849469,none,False,0.0
2024-07-01 04:00:00,183.72,184.705,174.73,175.67,461526.0,0.002057991253537228,-0.035628019323671545,-0.03965140896748325,112.83135363549658,3.9651408967483204,1830015.6175126652,none,False,0.0
2024-07-02 04:00:00,174.54,174.54,168.3,171.2,723943.0,0.006729746580115048,-0.02544543746797978,-0.03433472762118112,108.95731984129264,3.433472762118117,2485638.571826076,none,False,0.0
2024-07-03 04:00:00,170.87,173.18,169.3375,170.31,234629.0,0.004462578095116854,-0.005198598130841003,-0.011726502570354739,107.67963155011475,1.1726502570354902,275137.75715798006,none,False,0.0
2024-07-05 04:00:00,170.21,171.95,167.16,168.9,373499.0,0.005766510717005735,-0.008279020609476828,-0.01616504549099295,105.93898540765379,1.6165045490992958,603762.8325840379,none,False,0.0
2024-07-08 04:00:00,171.07,173.3008,168.42,170.13,318642.0,0.001153901629886045,0.007282415630550654,0.004200687065441178,106.38400193338168,0.4200687065441189,133851.5327906311,none,False,0.0
2024-07-09 04:00:00,169.41,170.04,167.3701,167.84,299632.0,0.000972482351246251,-0.013460295068477013,-0.016353065073337333,104.64429742700305,1.6353065073337225,489990.159405418,none,False,0.0
2024-07-10 04:00:00,168.1,175.57,168.05,175.45,321663.0,0.009895289842035249,0.04534080076263103,0.03315441615693496,108.11371801234799,3.315441615693504,1066454.8964288195,none,False,0.0
2024-07-11 04:00:00,178.26,178.3861,174.24,175.34,286932.0,-0.00862253260172452,-0.0006269592476487729,0.006474027886622174,108.81364923768635,0.6474027886622213,185760.5769564285,none,False,0.0
2024-07-12 04:00:00,177.07,178.16,172.9,173.25,262711.0,0.006307504312823342,-0.011919698870765383,-0.020369199540169938,106.59720230366987,2.0369199540169802,535121.278039755,none,False,0.0
2024-07-15 04:00:00,175.0,178.09,173.38,174.17,305488.0,0.002750049108019681,0.005310245310245154,0.0005660378086369353,106.65754035046866,0.05660378086369544,17291.775808488594,none,False,0.0
2024-07-16 04:00:00,176.0,176.5,169.32,169.55,415117.0,0.005930226345876477,-0.0265258081185048,-0.03458235219596108,102.96907172571383,3.4582352195961064,1435572.229653077,none,False,0.0
2024-07-17 04:00:00,167.24,170.276,163.64,165.93,576170.0,-0.014021173388096053,-0.021350634031259252,-0.00862665358589387,102.08079321387504,0.8626653585893873,497041.8996584473,none,False,0.0
2024-07-18 04:00:00,166.09,168.2,163.5,165.39,294579.0,-0.007684849355406476,-0.0032543843789550886,0.002869951996242958,102.37376019013726,0.28699519962429587,84542.75891012546,none,False,0.0
2024-07-19 04:00:00,166.25,167.31,164.2,164.23,225632.0,-0.006640610863822172,-0.0070137251345304685,-0.001977022903872779,102.17136492148578,0.1977022903872805,44607.96318466287,none,False,0.0
2024-07-22 04:00:00,165.06,169.36,163.5074,168.42,257335.0,0.010309841709320589,0.0255130000608903,0.012894835963079911,103.4888479122723,1.2894835963079831,331829.26125591487,none,False,0.0
2024-07-23 04:00:00,168.51,172.65,168.51,171.52,209504.0,-0.0015685567474984508,0.018406365039781658,0.018160232664811534,105.36822946857247,1.8160232664811593,380464.1384208688,none,False,0.0
2024-07-24 04:00:00,169.93,173.0,168.65,170.31,199586.0,-0.0226624291234786,-0.007054570895522416,0.014669771885891265,106.91395735889668,1.466977188589147,292788.1091617535,none,False,0.0
2024-07-25 04:00:00,170.31,172.5,168.29,169.94,176255.0,-0.005210354193226685,-0.0021725089542599108,0.0013744991088938275,107.06091049801478,0.13744991088935343,24226.23404380299,none,False,0.0
2024-07-26 04:00:00,172.55,174.64,169.9501,173.82,171550.0,0.01119964339443924,0.0228315876191596,0.009286644148242311,108.05514707599666,0.9286644148242207,159312.38036309506,none,False,0.0
2024-07-29 04:00:00,174.21,175.25,171.7294,175.15,161983.0,0.0005877599000807532,0.007651593602577389,0.00515953404598259,108.61266128617892,0.5159534045982683,83575.6803370413,none,False,0.0
2024-07-30 04:00:00,175.15,178.75,170.89,173.52,172820.0,-0.005066451281298123,-0.009306308878104463,-0.0059091839324317014,107.97084909324799,0.5909183932431672,102122.51672028415,none,False,0.0
2024-07-31 04:00:00,175.88,180.46,172.65,178.54,231181.0,0.01625461254612537,0.028930382664822396,0.010120399556618212,109.06355722653898,1.0120399556618143,233964.4089898539,none,False,0.0
2024-08-01 04:00:00,179.59,180.6399,172.49,174.34,205761.0,-0.014160962945480193,-0.023524140248683656,-0.010654560979978116,107.90153290537549,1.0654560979978078,219229.31218012693,none,False,0.0
2024-08-02 04:00:00,169.09,170.73,164.1342,166.5,268162.0,-0.018618441649325135,-0.04496959963290126,-0.02745730121915848,104.93884801438367,2.7457301219158348,736300.4809531941,none,False,0.0
2024-08-05 04:00:00,156.36,166.47,152.8802,164.14,330923.0,-0.029123662976168085,-0.014174174174174214,0.014279913402782451,106.4373656766168,1.4279913402782451,472555.1782988977,none,False,0.0
2024-08-06 04:00:00,164.32,171.94,163.5,169.62,268969.0,0.009219529166183404,0.033386133788229744,0.02190359259619585,108.76872637140976,2.1903592596195898,589138.7397006215,none,False,0.0
2024-08-07 04:00:00,171.69,172.8086,165.25,167.02,163525.0,-0.006683903092980947,-0.015328381087135967,-0.010246587522452742,107.65421809693937,1.0246587522452888,167557.32246091086,none,False,0.0
2024-08-08 04:00:00,169.32,178.475,168.39,176.43,257970.0,0.02311726371804257,0.056340558017003994,0.03038273100455655,110.92504724688455,3.0382731004556573,783783.3117245459,none,False,0.0
2024-08-09 04:00:00,176.48,178.2543,174.83,176.02,199723.0,0.004409686233864285,-0.0023238678229325904,-0.00879668236226528,109.94927484023442,0.8796682362265384,175689.97914387294,none,False,0.0
2024-08-12 04:00:00,177.43,178.91,174.61,178.05,121689.0,0.0005253381864573914,0.011532780365867579,0.00910573659603475,110.95044397585463,0.9105736596034752,110806.7980634873,none,False,0.0
2024-08-13 04:00:00,179.0,182.56,176.03,181.52,213692.0,0.016445702927222472,0.019488907610221817,0.0004798929351395448,111.00368831006924,0.047989293513950315,10254.92810958307,none,False,0.0
2024-08-14 04:00:00,182.44,186.8199,181.64,184.07,255753.0,0.0031547487270313646,0.014048038783605055,0.00888231347024507,111.98965786599267,0.8882313470245151,227167.8316955608,none,False,0.0
2024-08-15 04:00:00,186.42,188.0,181.85,186.83,234193.0,0.01714022988505759,0.014994295648394829,-0.00473810859691785,111.45903870529193,0.47381085969177006,110963.18666379471,none,False,0.0
2024-08-16 04:00:00,187.19,191.77,186.43,190.44,221582.0,0.0022420308460049387,0.019322378632981696,0.015107301222124087,113.14288397694116,1.5107301222124114,334750.60194007057,none,False,0.0
2024-08-19 04:00:00,190.44,191.6626,185.37,189.8,191318.0,0.009561436741173823,-0.0033606385213189593,-0.015199296018041427,111.42319179104072,1.5199296018041375,290789.891557964,none,False,0.0
2024-08-20 04:00:00,189.39,189.73,184.56,187.24,151030.0,-0.0016261324851235548,-0.013487881981032679,-0.013674045930549387,109.89958594876161,1.3674045930549439,206519.11568908818,none,False,0.0
2024-08-21 04:00:00,187.48,190.0,187.2,188.26,123652.0,0.003436549131913269,0.005447553941465344,-1.1682619339509204e-05,109.89830203373342,0.0011682619339370426,144.45792465518318,none,False,0.0
2024-08-22 04:00:00,189.42,189.42,183.5,184.01,172298.0,-0.007848453497912966,-0.022575162009986216,-0.016280422558276084,108.10911123818718,1.6280422558276109,280508.42459458567,none,False,0.0
2024-08-23 04:00:00,185.01,186.74,183.035,185.615,185859.0,0.010625292150587828,0.008722352046084625,-0.004224371737657315,107.65241816408933,0.42243717376574397,78513.7506789274,none,False,0.0
2024-08-26 04:00:00,186.5,188.62,176.485,177.39,299151.0,-0.0023837902264601807,-0.04431215149637702,-0.04370917155204741,102.94702015056238,4.370917155204756,1307564.237896658,none,False,0.0
2024-08-27 04:00:00,176.1,178.86,174.71,177.76,157142.0,0.0013730630004100686,0.0020857996504877185,-0.0012241980233236786,102.82099261198701,0.12241980233236305,19237.292578112196,none,False,0.0
2024-08-28 04:00:00,199.4,211.44,190.99,193.86,985082.0,-0.005805256784671253,0.09057155715571574,0.09473819031059444,112.56206737798564,9.473819031059417,9332488.598754073,positive_anticipated,True,20.44999999999999
2024-08-29 04:00:00,198.35,205.78,197.56,203.61,471883.0,8.955758552753323e-05,0.050294026617146326,0.0483208732803127,118.00116477192731,4.832087328031265,2280179.8646133775,none,False,0.0
2024-08-30 04:00:00,203.96,206.26,198.87,203.76,362161.0,0.0095459837019789,0.0007367025195224031,-0.011085859752593068,116.6930204086231,1.108585975259302,401486.60538588406,none,False,0.0
2024-09-03 04:00:00,203.94,207.89,191.7516,192.26,375534.0,-0.02057905194436549,-0.056438947781703996,-0.03688456155161579,112.38884951471728,3.688456155161579,1385140.6937724485,none,False,0.0
2024-09-04 04:00:00,191.72,197.425,190.6531,194.04,524699.0,-0.0020468048108969183,0.009258296057422344,0.009510286407772656,113.45769966264231,0.9510286407772739,499003.77678719483,none,False,0.0
2024-09-05 04:00:00,191.01,206.8,181.985,183.73,754383.0,-0.002432162628187684,-0.053133374561946,-0.05248001199315248,107.50343822363135,5.248001199315255,3959002.88874304,none,False,0.0
2024-09-06 04:00:00,183.29,186.42,175.85,179.47,421478.0,-0.01683011590036576,-0.023186197137103348,-0.007536542326143234,106.69323401125304,0.7536542326143092,317648.6786538138,none,False,0.0
2024-09-09 04:00:00,180.27,182.295,178.6901,180.92,277268.0,0.011196239544007724,0.008079344737282002,-0.0054620534286287555,106.11046986661039,0.546205342862871,151445.26300490252,none,False,0.0
2024-09-10 04:00:00,180.4,184.61,178.62,180.71,274894.0,0.004355703592540339,-0.0011607340260887389,-0.0075773225553771905,105.30643660992844,0.7577322555377242,208296.05065378716,none,False,0.0
2024-09-11 04:00:00,180.74,184.24,175.96,183.99,177748.0,0.010258933289600813,0.018150628078136277,0.005585488012649971,105.8946244492681,0.558548801265002,99280.93232725156,none,False,0.0
2024-09-12 04:00:00,183.28,186.53,181.905,185.5,169760.0,0.008423217055661958,0.008206967769987417,-0.002446168790734629,105.63558832383373,0.24461687907346708,41526.16139151177,none,False,0.0
2024-09-13 04:00:00,187.0,192.38,185.5,192.11,208929.0,0.005222772719955637,0.03563342318059304,0.028313732537894744,108.62652611811792,2.831373253789482,591555.9825409827,none,False,0.0
2024-09-16 04:00:00,187.19,188.175,171.23,173.52,1138999.0,0.0014768420490738343,-0.09676747696632138,-0.10018556645797352,97.74371606661242,10.01855664579735,11411126.001006536,surprising_negative,True,16.94500000000002
2024-09-17 04:00:00,171.77,176.82,171.77,174.96,474318.0,0.0004086418875701714,0.008298755186721962,0.005993257290014977,98.3295193054818,0.5993257290014986,284270.9811285328,none,False,0.0
2024-09-18 04:00:00,174.47,180.65,171.27,174.44,374681.0,-0.002965883460315899,-0.0029721079103796066,-0.001762844553257145,98.15617964794974,0.1762844553257037,66050.43600588999,none,False,0.0
2024-09-19 04:00:00,178.27,180.94,175.25,179.69,295477.0,0.017064481653010333,0.030096308186195797,0.01044280005918093,99.18120500658632,1.0442800059180968,308560.7233086615,none,False,0.0
2024-09-20 04:00:00,180.1,184.29,177.6201,182.76,687834.0,-0.004781253283827835,0.017084979687238988,0.020185054598362073,101.18318304477563,2.0185054598362173,1388396.6844609848,none,False,0.0
2024-09-23 04:00:00,190.3,205.2801,190.04,204.5,702333.0,0.002498900131984172,0.11895381921645876,0.11447119774515299,112.76574319957815,11.44711977451529,8039689.972594647,surprising_positive,True,15.240100000000012
2024-09-24 04:00:00,203.8,203.8,197.33,197.82,361374.0,0.0028613056681938698,-0.03266503667481668,-0.037525124250397245,108.53419467482559,3.7525124250397335,1356060.4250863087,none,False,0.0
2024-09-25 04:00:00,197.97,201.01,194.73,196.75,269218.0,-0.002205496236653226,-0.005408957638256995,-0.004991681087015459,107.99242658797282,0.49916810870153094,134385.03988840876,none,False,0.0
2024-09-26 04:00:00,200.0,200.0,194.36,194.7,255389.0,0.003964634060767747,-0.01041931385006356,-0.01642858108342855,106.21826425137608,1.6428581083428706,419567.8894315774,none,False,0.0
2024-09-27 04:00:00,196.55,200.83,196.36,199.23,297464.0,-0.001450288310326675,0.023266563944529972,0.022897248224446522,108.65037021390968,2.2897248224446276,681110.7045836687,none,False,0.0
2024-09-30 04:00:00,198.0,200.78,196.607,200.5,268868.0,0.004007209477312923,0.006374541986648552,0.0003209300206140119,108.68523937946215,0.032093002061395204,8628.781278243207,none,False,0.0
2024-10-01 04:00:00,200.62,219.25,200.46,211.09,739324.0,-0.008958449525934165,0.05281795511221943,0.060268818945581476,115.23557039368015,6.026881894558156,4455818.429812314,none,False,0.0
2024-10-02 04:00:00,215.67,217.2616,203.72,204.0,512647.0,0.0004220744961485057,-0.033587569283244134,-0.03590705801045371,111.09780008268658,3.5907058010453574,1840764.5567884992,none,False,0.0
2024-10-03 04:00:00,203.66,204.43,199.5,201.11,348832.0,-0.001828217839187074,-0.01416666666666655,-0.014142347155783766,109.52661642567337,1.4142347155783663,493330.32430463267,none,False,0.0
2024-10-04 04:00:00,203.16,208.65,201.0,207.95,225949.0,0.009087386847944634,0.034011237631146995,0.02266633022527736,112.00918288203496,2.266633022527742,512143.4648071208,none,False,0.0
2024-10-07 04:00:00,208.18,209.0,203.5453,205.28,219851.0,-0.009040455164229244,-0.012839624909834035,-0.005303347511492944,111.41515926073315,0.5303347511493084,116594.6253749266,none,False,0.0
2024-10-08 04:00:00,206.54,209.32,205.59,207.82,218952.0,0.009457555477280666,0.012373343725643027,0.0006428845097718877,111.48678634077565,0.06428845097719016,14076.08491835774,none,False,0.0
2024-10-09 04:00:00,207.47,209.0,205.19,208.32,187144.0,0.0069263918209256925,0.0024059282071022814,-0.0066881792172403705,110.74114273337435,0.668817921724052,125165.26114312599,none,False,0.0
2024-10-10 04:00:00,207.12,212.1141,203.96,206.67,300361.0,-0.0017500086634092415,-0.007920506912442393,-0.007977646733577981,109.85768901777475,0.7977646733578037,239617.39505442325,none,False,0.0
2024-10-11 04:00:00,205.8,217.5,205.8,215.39,314920.0,0.0059882318226789355,0.04219286785697007,0.034075907756115756,113.6011894950445,3.407590775611591,1073118.4870556023,none,False,0.0
2024-10-14 04:00:00,218.0,219.0,214.2965,215.17,276753.0,0.008178336036440248,-0.001021403036352675,-0.011419482002471705,112.30392275614646,1.141948200247167,316037.59026300424,none,False,0.0
2024-10-15 04:00:00,215.44,217.35,209.519,214.11,298071.0,-0.0077697152245346235,-0.004926337314681284,0.0012863917195824392,112.44838959245659,0.1286391719582447,38343.606624765955,none,False,0.0
2024-10-16 04:00:00,215.74,221.52,215.2,220.23,257275.0,0.00434647624961193,0.028583438419503837,0.022176460695901252,114.94209688457109,2.217646069590118,570544.8925537976,none,False,0.0
2024-10-17 04:00:00,221.32,221.34,215.095,215.63,239731.0,8.586639189434031e-05,-0.020887254234209673,-0.022856562981649287,112.31491560788605,2.2856562981649287,547942.6700153765,none,False,0.0
2024-10-18 04:00:00,216.0,218.9899,215.12,216.97,170648.0,0.0038464840731518013,0.006214348652784807,0.0003281413925425849,112.35177078069694,0.032814139254266905,5599.667235462139,none,False,0.0
2024-10-21 04:00:00,217.69,227.18,217.69,220.51,227471.0,-0.00164217656819321,0.01631561967092221,0.016146166552029953,114.16582118413756,1.614616655202994,367278.46517568023,none,False,0.0
2024-10-22 04:00:00,219.52,220.0,214.68,216.48,207419.0,-0.0005311584394221969,-0.018275815155775255,-0.019602457232739103,111.92789055693497,1.9602457232739012,406592.2076757493,none,False,0.0
2024-10-23 04:00:00,215.68,217.14,212.14,214.68,154901.0,-0.009137351710896358,-0.008314855875831362,-0.0006776551793236723,111.85204204218829,0.06776551793237218,10496.946493242383,none,False,0.0
2024-10-24 04:00:00,214.68,218.8299,214.4054,215.655,142385.0,0.0021626671741725723,0.004541643376187787,0.0004092277710542871,111.89781500404108,0.04092277710543435,5826.78961815727,none,False,0.0
2024-10-25 04:00:00,216.69,221.11,215.9056,220.9,182474.0,-0.00034528002209799347,0.024321253854536096,0.02280100876921331,114.44919806520402,2.2801008769213205,416059.12741534103,none,False,0.0
2024-10-28 04:00:00,222.06,222.58,217.97,220.8,150231.0,0.0030913235700471553,-0.00045269352648258376,-0.005552357909399182,113.8137351551023,0.5552357909399119,83413.62810869391,none,False,0.0
2024-10-29 04:00:00,220.2,221.6917,218.0,220.85,139407.0,0.0016183737065922355,0.00022644927536230597,-0.003339053536609852,113.43370500021786,0.3339053536610015,46548.743637819236,none,False,0.0
2024-10-30 04:00:00,219.31,221.19,216.24,216.6,198969.0,-0.003025250528559398,-0.01924383065429025,-0.017972733098368124,111.39499129588992,1.7972733098368,357601.67318491824,none,False,0.0
2024-10-31 04:00:00,215.78,217.3199,211.4618,214.96,220623.0,-0.019603110291201875,-0.007571560480147621,0.010966326670837051,112.61658515993571,1.0966326670837079,241942.38891000889,none,False,0.0
2024-11-01 04:00:00,217.13,219.8871,215.6,216.0,168731.0,0.004220596510973618,0.004838109415705283,-0.0014377573567570827,112.45466983612916,0.14377573567569968,24259.423656296483,none,False,0.0
2024-11-04 05:00:00,213.57,219.2799,213.0,215.48,146029.0,-0.0021539646959932712,-0.0024074074074074137,-0.0020438039046066624,112.22483454282681,0.2043803904606789,29845.46403858248,none,False,0.0
2024-11-05 05:00:00,216.27,220.26,215.2106,219.67,235094.0,0.012091749881539604,0.019444960089103347,0.004970836661925104,112.7826858647508,0.49708366619254374,116861.38741986988,none,False,0.0
2024-11-06 05:00:00,227.55,232.0,203.21,216.32,788152.0,0.024865614704352224,-0.015250147949196546,-0.04302898256160917,107.929761641425,4.302898256160914,3391337.8663897365,none,False,0.0
2024-11-07 05:00:00,213.01,224.9899,213.01,223.69,267809.0,0.007732133188955048,0.03406989644970415,0.024136563282774862,110.53481516337807,2.4136563282775025,646398.8876196697,none,False,0.0
2024-11-08 05:00:00,225.27,231.5,222.0,227.87,320947.0,0.004331693557865224,0.0186865751709957,0.012294994466772798,111.89384010419754,1.2294994466772513,394604.15891272377,none,False,0.0
2024-11-11 05:00:00,232.0,236.5999,228.23,235.17,351380.0,0.0009528745047560072,0.032035809891604705,0.029163462580904357,115.15705192310999,2.91634625809043,1024745.7481678153,none,False,0.0
2024-11-12 05:00:00,228.57,231.94,213.54,218.03,432200.0,-0.0031064199345314236,-0.0728834460177743,-0.07152780588069019,106.9201206673612,7.15278058806903,3091431.7701634346,none,False,0.0
2024-11-13 05:00:00,217.44,227.65,217.18,217.56,382844.0,0.0004858435248786819,-0.0021556666513782297,-0.004541574471132356,106.43453497688793,0.4541574471132237,173871.453682615,none,False,0.0
2024-11-14 05:00:00,216.14,219.98,203.04,204.25,430787.0,-0.006430114368961348,-0.06117852546423974,-0.05636106737844147,100.43577097966245,5.63610673784416,2427961.513275672,none,False,0.0
2024-11-15 05:00:00,203.82,204.5,197.61,200.06,344740.0,-0.012808628971096359,-0.020514075887392846,-0.009053029839034585,99.52652294807713,0.9053029839034554,312094.15067087725,none,False,0.0
2024-11-18 05:00:00,199.48,200.936,195.58,197.07,265381.0,0.0040973111395645745,-0.014945516345096554,-0.021092974348348184,97.42721255255304,2.1092974348348226,559767.4625539001,none,False,0.0
2024-11-19 05:00:00,192.4,197.69,189.26,194.89,860514.0,0.0036555300518574807,-0.011062059166793592,-0.01674937688669538,95.79536745049015,1.6749376886695422,1441307.3302277825,none,False,0.0
2024-11-20 05:00:00,204.01,205.05,191.12,198.34,719460.0,0.0003388107741826296,0.01770229360151898,0.015469528805424222,97.27727664669172,1.5469528805424293,1112970.7194350562,none,False,0.0
2024-11-21 05:00:00,198.14,204.52,193.0,194.26,537372.0,0.005368331922099845,-0.020570737118080107,-0.02804203599929861,94.54942375305147,2.8042035999298442,1506900.4969015003,none,False,0.0
2024-11-22 05:00:00,196.29,199.7439,195.625,195.91,323318.0,0.003099364967069196,0.008493771234428182,0.0033857312763518263,94.86954269421321,0.33857312763516667,109466.78648074681,none,False,0.0
2024-11-25 05:00:00,199.16,201.6154,192.3,193.11,375782.0,0.0033920505113262944,-0.014292277065999559,-0.019705165767071806,93.00012262917745,1.9705165767071708,740484.6602281741,none,False,0.0
2024-11-26 05:00:00,196.17,203.6899,193.0003,196.5,437870.0,0.005221495155054878,0.01755476153487634,0.010236401549129623,93.95210922852802,1.0236401549129637,448221.3146317394,none,False,0.0
2024-11-27 05:00:00,197.36,199.556,190.5,190.87,259916.0,-0.003030050778323412,-0.028651399491094076,-0.027375302200352995,91.3801418460365,2.737530220035289,711527.9046706922,none,False,0.0
2024-11-29 05:00:00,194.0,196.0,192.6,194.5,199736.0,0.006212113621561821,0.019018179913029787,0.01066803410721576,92.35498831597224,1.066803410721584,213079.0460438863,none,False,0.0
2024-12-02 05:00:00,197.0,203.57,192.5,203.19,473939.0,0.0017923823749066425,0.044678663239074545,0.040931920441572255,96.13525535010396,4.0931920441572345,1939923.3442158354,none,False,0.0
2024-12-03 05:00:00,203.2,203.2,192.8,193.1,548262.0,0.0004638603117803619,-0.04965795560805164,-0.05202096665339539,91.13420643732054,5.202096665339551,2852111.9219323928,none,False,0.0
2024-12-04 05:00:00,194.03,199.2,192.29,196.89,695797.0,0.0062095345332913165,0.019627136198860695,0.011279676661066275,92.16217081869638,1.127967666106633,784836.5181739968,none,False,0.0
2024-12-05 05:00:00,175.0,180.83,162.27,165.62,2547903.0,-0.0016456571108843798,-0.15881964548732785,-0.1589854734218365,77.50972445950177,15.898547342183655,40507956.46879176,surprising_negative,True,18.560000000000002
2024-12-06 05:00:00,166.01,167.3,161.0,163.33,808058.0,0.0018956252266508766,-0.013826832508151088,-0.017681108643719076,76.1392666003886,1.7681108643718968,1428736.1288426262,none,False,0.0
2024-12-09 05:00:00,163.67,164.88,159.73,160.42,752709.0,-0.0051496355769072855,-0.01781669013653353,-0.014332923986841564,75.04796827979135,1.4332923986841717,1078852.0881211641,none,False,0.0
2024-12-10 05:00:00,159.58,160.2375,153.0,153.72,960075.0,-0.0031090824899120406,-0.04176536591447444,-0.04040695257359921,72.01550858476486,4.040695257359895,3879370.4992098007,none,False,0.0
2024-12-11 05:00:00,154.84,155.97,150.5,154.35,777900.0,0.0077305905773059624,0.004098360655737654,-0.005833365792884626,71.59541578042929,0.5833365792884737,453777.5250285037,none,False,0.0
2024-12-12 05:00:00,154.26,156.725,152.1887,153.88,487888.0,-0.005152602640503101,-0.0030450275348234968,0.0004418289813909069,71.62704871005583,0.044182898139100146,21556.305807289293,none,False,0.0
2024-12-13 05:00:00,153.45,156.6,151.42,156.5,611458.0,-0.0001985670080916213,0.01702625422407067,0.015353199139147445,72.72675305265072,1.5353199139147344,938783.6439224756,none,False,0.0
2024-12-16 05:00:00,159.5457,172.08,159.22,168.8,1118827.0,0.0042700385627512105,0.07859424920127811,0.07226688570261496,77.98248900302895,7.226688570261519,8085414.292999985,surprising_positive,True,12.860000000000014
2024-12-17 05:00:00,168.61,168.61,159.6249,164.04,732689.0,-0.004120041530018659,-0.028199052132701574,-0.025787667100384985,75.9715025369594,2.5787667100384937,1889434.002011394,none,False,0.0
2024-12-18 05:00:00,163.86,165.25,155.32,156.06,805887.0,-0.0298035711330652,-0.048646671543525866,-0.01948442071406272,74.4912418192498,1.9484420714062867,1570224.135599398,none,False,0.0
2024-12-19 05:00:00,156.93,161.85,156.07,161.84,526626.0,-0.00030702053626241455,0.03703703703703698,0.035476942507853715,77.13396332260994,3.5476942507853604,1868308.032514091,none,False,0.0
2024-12-20 05:00:00,158.18,165.6199,158.18,164.03,1373229.0,0.008616277085821356,0.013531883341571849,0.002677663711762035,77.34050213714329,0.2677663711762257,367704.54612395726,none,False,0.0
2024-12-23 05:00:00,164.6,164.81,159.32,161.2,397718.0,0.0059883278355747915,-0.017252941535085164,-0.025370001638864766,75.37837347117335,2.5370001638864714,1009010.6311805997,none,False,0.0
2024-12-24 05:00:00,161.2,161.855,158.71,160.12,164252.0,0.011115034723973682,-0.0066997518610421025,-0.020156570560018752,73.85900396760219,2.015657056001885,331075.7027624216,none,False,0.0
2024-12-26 05:00:00,158.11,162.2074,158.0,161.5,269487.0,6.652253450867285e-05,0.00861853609792651,0.006669375084887927,74.35159736845834,0.6669375084887852,179730.98835011726,none,False,0.0
2024-12-27 05:00:00,161.01,161.49,154.62,157.66,345693.0,-0.010526490837130531,-0.023777089783281746,-0.014693021194634816,73.25914777246864,1.469302119463467,507927.4575836843,none,False,0.0
2024-12-30 05:00:00,155.27,155.95,152.76,155.18,342595.0,-0.01141157291474082,-0.015730052010655804,-0.005724119790196991,72.83980363489128,0.5724119790197046,196105.4819522557,none,False,0.0
2024-12-31 05:00:00,156.74,157.46,153.71,153.89,266272.0,-0.003638094590459273,-0.008312926923572772,-0.006403517207762889,72.37337269890519,0.6403517207762888,170507.73339454396,none,False,0.0
2025-01-02 05:00:00,157.87,161.705,155.28,156.45,318129.0,-0.002457002457002533,0.016635258951198884,0.017314493623138666,73.62648099898543,1.731449362313886,550824.2541835542,none,False,0.0
2025-01-03 05:00:00,157.36,161.555,157.18,161.01,340648.0,0.012503420908593466,0.029146692233940508,0.014243789874602373,74.67520112354138,1.4243789874602397,485211.85332035576,none,False,0.0
2025-01-06 05:00:00,163.23,164.0,160.521,163.73,333920.0,0.005760621674127719,0.016893360660828582,0.009013469554464797,75.34828377534195,0.9013469554464804,300977.7753626887,none,False,0.0
2025-01-07 05:00:00,164.45,168.0,161.5496,163.04,335841.0,-0.011304084923407731,-0.004214255176204662,0.0056797221503825865,75.77624109169408,0.5679722150382593,190748.35667066407,none,False,0.0
2025-01-08 05:00:00,161.41,164.0,158.04,163.41,321843.0,0.0014610196558109134,0.0022693817468106836,-0.0011322278168367107,75.69044512367473,0.11322278168367506,36439.95972541903,none,False,0.0
2025-01-10 05:00:00,160.86,167.25,160.15,165.03,332055.0,-0.01526743456207913,0.009913713970993276,0.02393574674517335,77.50215244918445,2.393574674517329,794798.4385468517,none,False,0.0
2025-01-13 05:00:00,161.28,162.34,157.25,162.11,423626.0,0.0015504143051559005,-0.017693752651033123,-0.021188471857497174,75.86000027311944,2.118847185749728,897598.7579104144,none,False,0.0
2025-01-14 05:00:00,163.73,168.9689,163.0,164.66,283466.0,0.0013760126593165278,0.0157300598359138,0.012416989923559899,76.80195313211202,1.2416989923559996,351979.44656718575,none,False,0.0
2025-01-15 05:00:00,168.4,171.0,166.2668,167.53,365491.0,0.01818993799275126,0.01742985545973519,-0.0033958798482893356,76.54114292716142,0.3395879848289374,124116.35216311314,none,False,0.0
2025-01-16 05:00:00,168.0,168.61,163.17,165.39,288480.0,-0.0019231418064037387,-0.012773831552557846,-0.012650643297885091,75.57284823037746,1.2650643297885011,364945.75785738684,none,False,0.0
2025-01-17 05:00:00,167.96,170.88,164.9,168.74,317743.0,0.010039889121763235,0.020255154483342475,0.007918161453253345,76.1712462441478,0.7918161453253303,251594.03746410643,none,False,0.0
2025-01-21 05:00:00,171.0,177.63,171.0,177.52,444967.0,0.009153586130727032,0.05203271304966228,0.04061885530258374,79.26523507355631,4.061885530258369,1807405.0187424757,none,False,0.0
2025-01-22 05:00:00,178.38,180.0,175.845,177.88,384893.0,0.005621424425835464,0.002027940513744886,-0.005706968693092266,78.81287085854092,0.5706968693092396,219657.23011904114,none,False,0.0
2025-01-23 05:00:00,177.63,182.64,176.5,181.57,375829.0,0.005458083239891831,0.020744322014841554,0.013179542000208834,79.85158840017809,1.3179542000208766,495325.40903964604,none,False,0.0
2025-01-24 05:00:00,181.57,182.043,179.2321,180.36,319408.0,-0.002919229192291928,-0.006664096491711069,-0.005503426224481724,79.41213107451003,0.5503426224481744,175783.8363509265,none,False,0.0
2025-01-27 05:00:00,176.0,178.925,170.17,176.545,387485.0,-0.014145434807638524,-0.021152140164116373,-0.008298734339555861,78.75311089538468,0.8298734339555858,321563.5075562802,none,False,0.0
2025-01-28 05:00:00,179.69,179.69,172.99,175.04,233665.0,0.00859235530640512,-0.008524738735166681,-0.01935404246281339,77.22891984303676,1.9354042462813248,452236.23320732574,none,False,0.0
2025-01-29 05:00:00,175.14,177.158,169.0,171.28,274780.0,-0.004482895520412922,-0.021480804387568497,-0.018691486160281517,75.78539655661714,1.86914861602816,513604.65671221784,none,False,0.0
2025-01-30 05:00:00,172.25,173.89,170.5,171.98,228733.0,0.0053671424535983725,0.004086875291919645,-0.003383184689788367,75.52900056327726,0.33831846897882656,77384.59836493393,none,False,0.0
2025-01-31 05:00:00,174.0,182.6,171.53,180.15,400254.0,-0.005321962184318241,0.04750552389812768,0.05116877807066449,79.39372723099868,5.116877807066422,2048050.8097895638,none,False,0.0
2025-02-03 05:00:00,174.83,181.8464,172.98,172.98,449344.0,-0.006729586919677066,-0.03980016652789353,-0.03467079064349273,76.64108393576615,3.4670790643492877,1557911.1750909663,none,False,0.0
2025-02-04 05:00:00,174.79,188.79,174.79,186.12,551175.0,0.006708265720929418,0.07596253902185235,0.06709562241271459,81.78336516482149,6.709562241271483,3698142.9683328094,none,False,0.0
2025-02-05 05:00:00,188.54,188.54,183.39,185.96,342446.0,0.004054637907541014,-0.0008596604341285508,-0.006962671824292495,81.21393443249256,0.6962671824292443,238433.911554165,none,False,0.0
2025-02-06 05:00:00,187.68,188.2,176.35,179.07,397762.0,0.003475555261328589,-0.03705097870509799,-0.04255084238177759,77.75821310925156,4.255084238177753,1692510.8167460593,none,False,0.0
2025-02-07 05:00:00,179.08,180.2999,176.06,176.93,244405.0,-0.009153582266789972,-0.011950633830345558,-0.004296528081096534,77.42412276309177,0.42965280810964845,105009.29456603863,none,False,0.0
2025-02-10 05:00:00,177.47,182.65,175.86,182.15,253282.0,0.006791284518201657,0.029503193353303647,0.02054980791613508,79.01517361394856,2.054980791613503,520489.64486145135,none,False,0.0
2025-02-11 05:00:00,181.0,181.02,176.9825,179.35,248703.0,0.0007605191369759456,-0.01537194619818838,-0.018043944385992675,77.58942821560892,1.804394438599266,448758.3100629533,none,False,0.0
2025-02-12 05:00:00,175.27,178.8,162.95,167.7,703443.0,-0.003221489815135925,-0.0649567884025648,-0.06348129640006654,72.66395072554216,6.3481296400066505,4465547.358355198,none,False,0.0
2025-02-13 05:00:00,168.25,168.6,159.37,161.34,625545.0,0.010557544417926223,-0.037924865831842514,-0.050801026475217774,68.97254744093998,5.0801026475217785,3177832.810644011,none,False,0.0
2025-02-14 05:00:00,160.98,161.33,156.4,156.99,484780.0,-4.9202105850132405e-05,-0.02696169579769425,-0.028790322975566572,66.98680552366773,2.8790322975566607,1395697.277209518,none,False,0.0
2025-02-18 05:00:00,158.24,160.05,153.97,155.3,523459.0,0.0029358701000492538,-0.010765016880056044,-0.01570276757829274,65.93492728571728,1.5702767578292698,821975.5013765517,none,False,0.0
2025-02-19 05:00:00,157.06,161.61,156.2,158.84,468076.0,0.0023549035961338838,0.022794591113972862,0.0184619502748201,67.15221463464006,1.8461950274820005,864159.5836836649,none,False,0.0
2025-02-20 05:00:00,158.63,159.42,154.41,158.13,284250.0,-0.00416034457442116,-0.004469906824477565,-0.0020165438651123576,67.01679924818987,0.2016543865112297,57320.25936581704,none,False,0.0
2025-02-21 05:00:00,160.02,160.25,153.1635,154.79,341437.0,-0.01710409908581534,-0.021121861759311966,-0.005186837782278703,66.66919398180197,0.5186837782278797,177097.83318679256,none,False,0.0
2025-02-24 05:00:00,154.79,156.48,149.02,152.9,335032.0,-0.004550455045504553,-0.012210091091155673,-0.009350405752456138,66.04580996688291,0.9350405752456159,313268.5140056892,none,False,0.0
2025-02-25 05:00:00,152.01,153.68,145.965,151.69,478281.0,-0.00497312503139602,-0.007913669064748219,-0.004613748748854458,65.74109119378112,0.46137487488546736,220666.83653509623,none,False,0.0
2025-02-26 05:00:00,152.36,157.82,150.0,153.65,379736.0,0.0005048465266557223,0.012921089063221203,0.010515388529687572,66.43238431004936,1.0515388529687808,399307.157870953,none,False,0.0
2025-02-27 05:00:00,155.87,157.0,151.6,151.86,256172.0,-0.015961920139940133,-0.011649853563293178,0.0030955256815063323,66.63802746176482,0.3095525681506395,79298.70048828561,none,False,0.0
2025-02-28 05:00:00,150.63,153.23,147.225,149.62,452167.0,0.015605503803093779,-0.014750428025813278,-0.03288432723351911,64.4466807605159,3.2884327233519306,1486920.7592198723,none,False,0.0
2025-03-03 05:00:00,149.85,150.83,141.67,142.63,529099.0,-0.017519943451479336,-0.0467183531613421,-0.030350203481171147,62.49071088574817,3.0350203481171123,1605826.231168416,none,False,0.0
2025-03-04 05:00:00,140.25,143.56,135.17,141.9,997506.0,-0.011836853555338478,-0.00511813783916415,0.005330748504757624,62.82383314936361,0.5330748504757565,531745.36179867,none,False,0.0
2025-03-05 05:00:00,110.07,138.21,110.07,135.69,2984866.0,0.010747841764032762,-0.04376321353065549,-0.05683757974958549,59.253078522562,5.683757974958548,16965255.93168262,negative_anticipated,True,28.140000000000015
2025-03-06 05:00:00,134.81,136.2336,131.1,135.07,705508.0,-0.017751174836208805,-0.004569238705873668,0.012039751693489267,59.96647087504847,1.2039751693489364,849414.1137770294,none,False,0.0
2025-03-07 05:00:00,134.89,134.89,128.905,132.33,668313.0,0.005604930942361586,-0.020285777744872835,-0.028003508044848024,58.287199325477914,2.800350804484786,1871510.8471976407,none,False,0.0
2025-03-10 04:00:00,130.04,130.49,121.62,123.35,718274.0,-0.026635643839421963,-0.06786065140179864,-0.04199797813029371,55.83925480293041,4.199797813029393,3016605.5743558747,none,False,0.0
2025-03-11 04:00:00,123.37,126.225,121.7662,124.0,557762.0,-0.00831281886617441,0.005269558167815269,0.012047960723436592,56.51200395162208,1.2047960723436502,671989.466902539,none,False,0.0
2025-03-12 04:00:00,125.32,126.5499,120.84,121.53,486160.0,0.005306518923586134,-0.019919354838709658,-0.027326271944786033,54.96774156349523,2.7326271944785985,1328494.0368677154,none,False,0.0
2025-03-13 04:00:00,121.81,124.05,120.43,123.99,409397.0,-0.013330470413513096,0.02024191557640087,0.03224648934891679,56.74025825635649,3.224648934891672,1320161.5999978457,none,False,0.0
2025-03-14 04:00:00,126.76,129.86,124.5,129.45,487720.0,0.020655761488520552,0.04403580933946283,0.020641777756188397,57.911478057112944,2.0641777756188473,1006740.7847248242,none,False,0.0
2025-03-17 04:00:00,128.67,129.155,124.3001,125.74,392466.0,0.007711305769265042,-0.028659714175357287,-0.038571354392850137,55.677753913558284,3.8571354392849977,1513794.517314426,none,False,0.0
2025-03-18 04:00:00,125.5,125.55,121.14,124.79,409168.0,-0.010808428105439472,-0.007555272785112033,0.0018224496020709038,55.77922381402225,0.1822449602070897,74568.80587801448,none,False,0.0
2025-03-19 04:00:00,125.29,127.4945,123.92,125.73,325852.0,0.010890877330576476,0.007532654860165078,-0.005690691086394566,55.46180148225779,0.5690691086394528,185432.30718838298,none,False,0.0
2025-03-20 04:00:00,124.54,125.35,123.4988,125.1,215107.0,-0.002891753213548953,-0.0050107372942019834,-0.0038786848311202185,55.246682634141955,0.3878684831120194,83433.22579677716,none,False,0.0
2025-03-21 04:00:00,123.83,125.15,122.4655,125.01,734207.0,-0.002670250579143718,-0.0007194244604316058,0.00018192033363935477,55.256733129079215,0.01819203336390629,13356.718240013546,none,False,0.0
2025-03-24 04:00:00,127.1,129.37,126.3,128.69,285169.0,0.017908436469378453,0.029437644988400846,0.008905109625626254,55.74880039514765,0.8905109625626295,253946.12068302248,none,False,0.0
2025-03-25 04:00:00,130.0,131.4,128.34,131.2,319739.0,0.0024038461538462563,0.019504234983293012,0.015120617669591458,56.59175669146105,1.5120617669591496,483465.11730575154,none,False,0.0
2025-03-26 04:00:00,131.5,132.005,124.35,126.0,317376.0,-0.011938275466583215,-0.03963414634146334,-0.029079623273207685,54.94608972650433,2.9079623273207678,922917.451595756,none,False,0.0
2025-03-27 04:00:00,125.83,126.605,123.01,123.59,253989.0,-0.0026556921507588926,-0.019126984126984103,-0.018240802769168167,53.94382894086615,1.8240802769168174,463296.3254538255,none,False,0.0
2025-03-28 04:00:00,124.22,124.22,119.4647,120.93,320583.0,-0.020138252098469533,-0.021522776923699305,-0.002427508957464009,53.812879812912286,0.24275089574640196,77821.81041106879,none,False,0.0
2025-03-31 04:00:00,118.39,120.28,115.35,119.19,428663.0,0.006712738005254959,-0.014388489208633115,-0.02326006395781814,52.561188786709565,2.32600639578181,997072.8796350181,none,False,0.0
2025-04-01 04:00:00,119.28,122.7918,118.65,121.79,444631.0,0.0028245052646633795,0.021813910562966665,0.01699215271353123,53.45431653337809,1.6992152713531494,755523.7853170222,none,False,0.0
2025-04-02 04:00:00,120.24,128.05,119.5891,126.84,353419.0,0.006328324152806708,0.041464816487396305,0.03299363076325352,55.21796851578243,3.2993630763253234,1166057.5990718196,none,False,0.0
2025-04-03 04:00:00,120.36,123.28,116.02,117.59,377053.0,-0.049280804931623234,-0.07292652160201829,-0.02347761720516272,53.921582188122166,2.3477617205162726,885230.6000058221,none,False,0.0
2025-04-04 04:00:00,113.0,115.0,110.11,111.65,561339.0,-0.05854294764300372,-0.05051449953227316,0.00858145651579971,54.38430790093266,0.8581456515799779,481710.6219122532,none,False,0.0
2025-04-07 04:00:00,106.1,116.26,102.25,113.38,634733.0,-0.0017811906269790123,0.015494849977608416,0.015470187955888977,55.22564336601102,1.5470187955888948,981943.881180526,none,False,0.0
2025-04-08 04:00:00,120.82,122.485,114.9145,121.03,954377.0,-0.01566279392521508,0.06747221732227904,0.08190603949722904,59.74895709280741,8.190603949722908,7816924.0257247,surprising_positive,True,7.570499999999996
2025-04-09 04:00:00,120.7,140.63,119.25,137.72,947978.0,0.10501933612632941,0.13789969429067161,0.026636172096734245,61.34044059653182,2.66361720967343,2525050.515191799,none,False,0.0
2025-04-10 04:00:00,135.6,141.2,134.5008,138.97,681650.0,-0.04381903685611166,0.009076386871913922,0.052836547273636576,64.58145768589617,5.283654727363651,3601603.244907433,none,False,0.0
2025-04-11 04:00:00,139.1,148.0185,137.41,146.33,513359.0,0.017842845705135613,0.05296107073469103,0.0324968519062445,66.68015175220413,3.2496851906244295,1668255.1397737665,none,False,0.0
2025-04-14 04:00:00,149.625,149.77,140.91,142.8,498581.0,0.009701464584035646,-0.0241235563452471,-0.03610806085327039,64.27246077503024,3.610806085327034,1800279.308828438,none,False,0.0
2025-04-15 04:00:00,141.74,144.11,138.89,140.0,388357.0,-0.002800860661819282,-0.019607843137254943,-0.018570460468039524,63.07889158302391,1.8570460468039673,721196.8315986483,none,False,0.0
2025-04-16 04:00:00,139.0,144.15,138.0,143.81,343447.0,-0.022228009151615602,0.027214285714285635,0.048486155235733956,66.13734451241643,4.848615523573385,1665242.4557247085,none,False,0.0
2025-04-17 04:00:00,143.98,147.97,143.275,147.61,381792.0,0.0014267777650953661,0.026423753563729946,0.02305780888872245,67.66232676259133,2.3057808888722553,880328.6971243161,none,False,0.0
2025-04-21 04:00:00,146.405,146.9348,141.085,144.2,276132.0,-0.02380273930966348,-0.023101415893232335,-0.0001893747997403772,67.6495132230107,0.018937479974034943,5229.244220190217,none,False,0.0
2025-04-22 04:00:00,146.605,150.58,145.4429,150.18,420856.0,0.026017747334007968,0.04147018030513183,0.01249133362923793,68.49454586253485,1.24913336292376,525705.270586642,none,False,0.0
2025-04-23 04:00:00,155.01,156.35,146.055,146.21,445077.0,0.015495495495495337,-0.02643494473298702,-0.04445426399320822,65.44967123866682,4.445426399320818,1978557.0455305115,none,False,0.0
2025-04-24 04:00:00,145.94,150.36,142.2018,148.95,353144.0,0.021048896193642586,0.01874016825114544,-0.005063335624273479,65.11827758668709,0.5063335624273635,178808.65956984885,none,False,0.0
2025-04-25 04:00:00,148.93,151.42,147.95,149.59,306994.0,0.007225301359088165,0.004296743873783315,-0.00510869493936981,64.7856081715195,0.5108694939369829,156833.86942169012,none,False,0.0
2025-04-28 04:00:00,150.25,154.0,147.17,149.71,227650.0,0.0003813744006975206,0.0008021926599370843,-0.0014749045888360116,64.6900555807368,0.14749045888359236,33576.2029648498,none,False,0.0
2025-04-29 04:00:00,149.66,154.48,149.22,153.24,292542.0,0.006299355541435903,0.023578919243871566,0.015137905986172729,65.66932756035827,1.5137905986172484,442847.32930068707,none,False,0.0
2025-04-30 04:00:00,150.99,152.249,148.019,151.52,262830.0,0.0003968826670512904,-0.011224223440355008,-0.013517473435981359,64.78164416950237,1.3517473435981309,355279.75431789673,none,False,0.0
2025-05-01 04:00:00,153.12,157.73,150.2897,155.21,386395.0,0.007086954953655411,0.024353220696937683,0.015091877581784346,65.75932081285522,1.509187758178454,583142.6038213638,none,False,0.0
2025-05-02 04:00:00,156.405,160.01,155.22,158.79,310779.0,0.014844127706054033,0.023065524128599968,0.005724641694984621,66.13576936261435,0.5724641694984545,177909.84213256018,none,False,0.0
2025-05-05 04:00:00,159.09,163.5,156.94,161.96,441995.0,-0.005734349636530411,0.01996347377038865,0.024056253072884493,67.72674816757133,2.4056253072884504,1063274.3576949586,none,False,0.0
2025-05-06 04:00:00,160.0,162.0,154.3875,158.5,386579.0,-0.008358325495554708,-0.02136329958014327,-0.014537499265948745,66.74217061580016,1.4537499265948828,561989.1928731232,none,False,0.0
2025-05-07 04:00:00,158.5,160.515,155.69,160.01,271672.0,0.004205440229062329,0.009526813880126106,0.0032667332425781754,66.96019948323263,0.32667332425782014,88747.99534777051,none,False,0.0
2025-05-08 04:00:00,162.79,169.0,161.5,168.38,490220.0,0.006967833912500998,0.05230923067308302,0.04317195893888038,69.851002465862,4.3171958938880595,2116375.7711018045,none,False,0.0
2025-05-09 04:00:00,168.36,168.9534,163.2,165.47,368867.0,-0.0012742009698083478,-0.01728233756978259,-0.0178350583314466,68.60520576237332,1.7835058331446718,657876.4461545757,none,False,0.0
2025-05-12 04:00:00,171.07,171.443,164.68,167.13,478397.0,0.033047453662685466,0.010032029975222123,-0.02626865811025348,66.80303906761795,2.6268658110253362,1256684.7233970878,none,False,0.0
2025-05-13 04:00:00,169.27,171.44,166.0,166.6,411414.0,0.006603886859122943,-0.0031711841081792924,-0.011929384159764429,66.00611995154057,1.1929384159764633,490791.56547054066,none,False,0.0
2025-05-14 04:00:00,166.85,168.06,163.7,163.82,343900.0,0.0012780314906959411,-0.01668667466986795,-0.019897691588224253,64.69275053380949,1.9897691588224076,684281.613719026,none,False,0.0
2025-05-15 04:00:00,163.82,166.56,163.5885,165.49,244338.0,0.004884358140880618,0.010194115492613953,0.003226902999474971,64.90150776455131,0.3226902999474701,78845.50250856495,none,False,0.0
2025-05-16 04:00:00,165.92,166.49,163.52,164.09,316654.0,0.006334044643159675,-0.008459725663182094,-0.01693686960537712,63.80227939035073,1.6936869605377103,536312.7508021081,none,False,0.0
2025-05-19 04:00:00,162.57,164.29,159.64,161.12,337484.0,0.0010939077751599413,-0.018099823267718973,-0.02111906480003989,62.45483491751567,2.111906480003989,712734.6464976661,none,False,0.0
2025-05-20 04:00:00,160.93,169.58,160.4625,169.29,504341.0,-0.003362192149281351,0.050707547169811296,0.05232958870487937,65.7230707413804,5.232958870487936,2639195.7097007562,none,False,0.0
2025-05-21 04:00:00,169.0,169.2,163.425,166.73,518430.0,-0.016850805431390725,-0.015121980034260796,0.0005492241072005688,65.7591674362308,0.05492241072002635,28473.42538958326,none,False,0.0
2025-05-22 04:00:00,166.75,168.97,164.9,167.64,408031.0,0.0003946059087946985,0.005457925988124446,0.0031670473665076624,65.96742983428346,0.3167047366507969,129225.3504003613,none,False,0.0
2025-05-23 04:00:00,163.75,169.62,162.03,169.07,278365.0,-0.006825704436707936,0.00853018372703418,0.013759671505656199,66.87511999887563,1.3759671505656268,383021.0958672007,none,False,0.0
2025-05-27 04:00:00,170.52,178.5,170.2676,178.14,560845.0,0.020790523389338844,0.05364641864316555,0.030112024828567164,68.88886527269517,3.0112024828566897,1688817.8564977602,none,False,0.0
2025-05-28 04:00:00,177.93,180.72,175.95,176.38,492542.0,-0.0057853336716569,-0.009879869765353044,-0.005733987672760007,68.49385736843112,0.5733987672759899,282422.97563165065,none,False,0.0
2025-05-29 04:00:00,177.93,178.944,171.98,172.49,296914.0,0.003947390808704654,-0.022054654722757583,-0.02804596212237015,66.57288123906108,2.8045962122370205,832723.8797601426,none,False,0.0
2025-05-30 04:00:00,172.18,178.778,170.31,178.03,1092267.0,-0.001118549275485048,0.03211780393066266,0.03140296302234065,68.66346696690199,3.140296302234069,3430042.0211523,none,False,0.0
2025-06-02 04:00:00,183.0,188.7505,177.33,180.41,757841.0,0.005632942533806196,0.013368533393248283,0.005621627417846832,69.04946739540755,0.5621627417846886,426029.9743968502,none,False,0.0
2025-06-03 04:00:00,182.4,188.5638,181.865,186.16,635796.0,0.005702620168379191,0.03187184745856664,0.02405236823952099,70.7102706119447,2.405236823952106,1529239.951721453,none,False,0.0
2025-06-04 04:00:00,187.83,187.83,178.69,183.48,718221.0,-0.00026841584324532874,-0.014396218306832909,-0.015996521832910334,69.57915222428971,1.5996521832910449,1148903.7907354776,none,False,0.0
2025-06-05 04:00:00,185.99,189.95,184.5,186.59,723847.0,-0.004832782373768718,0.016950076302594264,0.02010382170959398,70.97795909531153,2.0103821709593905,1455209.103302442,none,False,0.0
2025-06-06 04:00:00,189.55,201.7,188.08,190.89,1130150.0,0.010268948655256738,0.023045179270057226,0.010469607628120492,71.72107047728424,1.046960762812077,1183222.7060920687,none,False,0.0
2025-06-09 04:00:00,196.36,202.7399,191.73,195.72,1058764.0,0.0009012918516539958,0.025302530253025424,0.022483909227299124,73.33364051558023,2.248390922729926,2380515.3669132274,none,False,0.0
2025-06-10 04:00:00,195.72,196.3699,187.1,189.62,547830.0,0.0056696905016009325,-0.03116697322705908,-0.038952154313786284,70.47713723382562,3.895215431378629,2133915.8697721544,none,False,0.0
2025-06-11 04:00:00,190.0,190.01,183.5,189.52,612809.0,-0.002852026265172114,-0.0005273705305347542,0.0005633040424756659,70.51683729013155,0.056330404247573185,34519.778696551075,none,False,0.0
2025-06-12 04:00:00,187.81,191.4924,185.77,190.12,339047.0,0.003974324863642353,0.003165892781764379,-0.002853467977341497,70.31561975306076,0.28534679773414284,96745.97573136793,none,False,0.0
2025-06-13 04:00:00,193.9,199.0,191.47,195.1,774038.0,-0.011180124223602483,0.02619398274773821,0.03595884791194505,72.84408842959522,3.5958847911944813,2783351.472006594,none,False,0.0
2025-06-16 04:00:00,197.4,197.6798,186.44,186.67,712144.0,0.009514237855946295,-0.043208610968734074,-0.054998108125580716,68.83780137783498,5.499810812558071,3916657.2712983545,none,False,0.0
2025-06-17 04:00:00,187.02,191.417,186.55,188.73,657493.0,-0.008545164929979365,0.011035517222906854,0.018055921499763733,70.08073131572951,1.8055921499763983,1187164.199464432,none,False,0.0
2025-06-18 04:00:00,190.17,195.45,189.39,190.04,801064.0,-0.0001506200525495105,0.006941132835267316,0.0052181382524280175,70.44642226056625,0.5218138252428117,418006.27010430774,none,False,0.0
2025-06-20 04:00:00,190.99,193.55,186.76,189.65,1164677.0,-0.005289234065345649,-0.0020521995369394697,0.0015769664268518889,70.557513903363,0.15769664268519,183665.65271265904,none,False,0.0
2025-06-23 04:00:00,191.0,197.5765,189.69,191.23,969748.0,0.00987749882210398,0.00833113630371729,-0.003836717936646153,70.2868046242048,0.38367179366461945,372064.95456267736,none,False,0.0
2025-06-24 04:00:00,193.0,195.647,187.88,193.28,1576279.0,0.01104723819045228,0.010720075301992482,-0.0026661294277294245,70.09941090601514,0.266612942772948,420256.3828211997,none,False,0.0
2025-06-25 04:00:00,223.84,250.0,223.5,234.94,6343615.0,0.0005603348824945176,0.21554221854304645,0.21307872371163827,85.03610391480653,21.307872371163803,135168938.79180026,surprising_positive,True,26.5
2025-06-26 04:00:00,238.0,272.57,237.3,272.37,4739199.0,0.00782382395572534,0.15931727249510508,0.14928843814766754,97.73101105441077,14.928843814766779,70750761.6780989,surprising_positive,True,35.26999999999998
2025-06-27 04:00:00,279.0,285.99,270.01,278.07,3352690.0,0.004968375635347355,0.02092741491353678,0.013872693392089415,99.08680340566751,1.3872693392089408,4651084.040872424,none,False,0.0
2025-06-30 04:00:00,283.69,295.9,279.01,284.95,1678487.0,0.004781187490852323,0.024741971446038846,0.017882217088746735,100.85869513479761,1.788221708874671,3001506.89146392,none,False,0.0
2025-07-01 04:00:00,263.12,271.5099,250.87,252.4,3777505.0,-0.00032370316419849665,-0.11423056676609922,-0.11577328538363953,89.1819526395352,11.57732853836395,43733416.44031251,surprising_negative,True,20.63990000000001
2025-07-02 04:00:00,249.64,251.48,245.1,246.25,5089655.0,0.004533311746134583,-0.024366085578446883,-0.030967663163161543,86.42019596996104,3.0967663163161574,15761472.165670112,surprising_negative,True,6.3799999999999955
2025-07-03 04:00:00,248.205,250.99,244.44,246.23,2587653.0,0.007881376420340036,-8.121827411167182e-05,-0.01016999680683051,85.54130285290087,1.0169996806830506,2631642.274718538,none,False,0.0
2025-07-07 04:00:00,248.37,248.99,238.81,240.74,2385501.0,-0.007451946141299293,-0.02229622710473944,-0.016414472754699115,84.13718746782047,1.6414472754699094,3915674.1170807444,none,False,0.0
2025-07-08 04:00:00,241.25,243.8383,232.01,237.07,1980955.0,-0.0005477862988978455,-0.01524466229126864,-0.01655398550107514,82.74438168637693,1.655398550107512,3279270.034828226,none,False,0.0
2025-07-09 04:00:00,236.33,237.83,228.89,236.77,1936368.0,0.0059967114808006095,-0.0012654490234951243,-0.009391241173523548,81.96730924220607,0.9391241173523635,1818489.8888693613,none,False,0.0
2025-07-10 04:00:00,238.03,243.41,234.8,237.57,1884896.0,0.0028202416434319755,0.003378806436626247,-0.0014385106073150095,81.84939839840808,0.14385106073150355,271144.28896856814,none,False,0.0
