EH,open,high,low,close,volume,market_return,stock_return,residual_return,residual_price,residual_gap_pct,volume_gap_product,earnings_classification,is_earnings_date,event_strength
2024-02-26 05:00:00,10.46,11.08,10.39,10.88,665045.0,,,,100.0,,,none,False,0.0
2024-02-27 05:00:00,11.06,11.64,11.06,11.23,895366.0,0.0018577442241940467,0.032169117647058876,0.028343969117153124,102.83439691171532,2.83439691171532,2537822.6252548993,none,False,0.0
2024-02-28 05:00:00,11.1,11.2,10.5,10.55,580587.0,-0.0013216814944864153,-0.060552092609082786,-0.0609162566694879,96.57011039498929,6.091625666948774,3536718.671096788,none,False,0.0
2024-02-29 05:00:00,10.95,11.22,10.7775,10.79,478282.0,0.0035949907162327044,0.022748815165876568,0.017032575709293774,98.21494811154679,1.703257570929373,814637.4375392423,none,False,0.0
2024-03-01 05:00:00,10.92,11.445,10.763,11.23,460558.0,0.00938828530940028,0.040778498609824076,0.02875593078192886,101.03921036119318,2.8755930781929173,1324377.3969063736,none,False,0.0
2024-03-04 05:00:00,11.36,11.38,10.81,10.83,523591.0,-0.0010724383347958666,-0.03561887800534291,-0.03625435732238383,97.37609872518699,3.625435732238369,1898245.52047842,none,False,0.0
2024-03-05 05:00:00,10.63,10.85,10.54,10.58,416023.0,-0.009994144056217014,-0.023084025854108958,-0.014007724593332624,96.0120811522714,1.400772459333266,582753.5608492033,none,False,0.0
2024-03-06 05:00:00,10.95,11.6,10.95,11.22,608339.0,0.005067234512401875,0.060491493383743045,0.05317263340235212,101.117296345578,5.31726334023519,3234698.6631353353,none,False,0.0
2024-03-07 05:00:00,11.23,11.35,10.95,11.17,506364.0,0.0099264345267287,-0.004456327985739805,-0.017064701631492145,99.39175985365755,1.7064701631492096,864095.0576928863,none,False,0.0
2024-03-08 05:00:00,11.29,11.63,11.2,11.41,534312.0,-0.006002214409199347,0.0214861235452104,0.02621698392007691,101.99751202352904,2.6216983920076986,1400804.9112304174,none,False,0.0
2024-03-11 04:00:00,12.01,13.93,11.97,12.76,2341376.0,-0.0008598452278590907,0.11831726555652944,0.11745036663527886,113.9771572065788,11.745036663527886,27499546.963104267,none,False,0.0
2024-03-12 04:00:00,13.8,14.77,13.07,14.48,2780655.0,0.01075731497418242,0.13479623824451425,0.12128340430338425,127.80069484541465,12.128340430338413,33724730.45932266,none,False,0.0
2024-03-13 04:00:00,14.7,15.33,14.1303,14.7,1674921.0,-0.0015673981191220987,0.015193370165745845,0.015096682529389777,129.7300613625313,1.5096682529389893,2528575.0598808248,none,False,0.0
2024-03-14 04:00:00,14.51,14.72,13.55,13.61,1295067.0,-0.0019768591197162344,-0.07414965986394562,-0.07380062607470077,120.15590161326715,7.380062607470073,9557675.540868444,none,False,0.0
2024-03-15 04:00:00,14.06,16.45,13.9,15.37,3266263.0,-0.009942712884746241,0.12931667891256438,0.13833699443835004,136.77790790647663,13.833699443835012,45184500.64651888,surprising_positive,True,2.549999999999999
2024-03-18 04:00:00,17.67,19.925,15.05,15.5,7552786.0,0.005943157523095932,0.008458035133376729,0.0001856834825064036,136.80330530474666,0.018568348250647126,140242.7607106121,none,False,0.0
2024-03-19 04:00:00,15.84,18.2476,14.5,17.91,4857138.0,0.005557072105447869,0.15548387096774197,0.14763179510017732,156.99982284252403,14.763179510017732,71706800.1989285,surprising_positive,True,3.7475999999999985
2024-03-20 04:00:00,18.21,18.9,17.36,18.54,2952409.0,0.009249384343914091,0.035175879396984966,0.023304513115180864,160.6586272730387,2.330451311518078,6880445.426187777,none,False,0.0
2024-03-21 04:00:00,18.3,19.58,17.17,17.8,2440833.0,0.0033046418690441115,-0.03991370010787476,-0.04531387844532118,153.37856176559603,4.531387844532131,11060360.986732895,none,False,0.0
2024-03-22 04:00:00,17.4,19.08,16.875,18.73,1928263.0,-0.001895825354270464,0.05224719101123587,0.052508014969986756,161.432165582859,5.2508014969986805,10124926.247007167,none,False,0.0
2024-03-25 04:00:00,18.2,19.09,17.18,17.52,1514885.0,-0.0027628019416359173,-0.06460224239188472,-0.06339766545074373,151.19774315624784,6.339766545074377,9604017.242634997,none,False,0.0
2024-03-26 04:00:00,17.97,18.03,17.23,17.4,793243.0,-0.001846970775535417,-0.006849315068493178,-0.006641672078013559,150.19353732726833,0.6641672078013472,526845.9884179641,none,False,0.0
2024-03-27 04:00:00,17.79,18.79,17.57,18.79,1792215.0,0.008403847265858522,0.0798850574712644,0.06893410605505804,160.54699455817055,6.89341060550579,12354473.888346558,none,False,0.0
2024-03-28 04:00:00,19.71,21.2,19.115,20.57,4156511.0,-0.00019114245847418054,0.09473124002128808,0.09313642036707137,175.49976693201023,9.313642036707126,38712255.575635575,surprising_positive,True,2.085000000000001
2024-04-01 04:00:00,20.34,21.08,19.73,20.4,1544844.0,-0.001739728908176863,-0.008264462809917439,-0.008173558649103652,174.06530929408743,0.8173558649103629,1262687.3037715848,none,False,0.0
2024-04-02 04:00:00,18.82,18.92,17.52,17.8,2951138.0,-0.006358204381798571,-0.12745098039215674,-0.12233260482571809,152.77144659834744,12.233260482571806,36102039.874015994,surprising_negative,True,1.4000000000000021
2024-04-03 04:00:00,17.92,19.1,17.92,18.89,1333026.0,0.0010986045794463273,0.06123595505617985,0.05823717290596876,161.66842374899036,5.823717290596875,7763166.565015189,none,False,0.0
2024-04-04 04:00:00,19.1,19.515,18.29,18.6,1186387.0,-0.012206156985810623,-0.015352038115404976,-0.0038678358457522946,161.04311682448775,0.3867835845752232,458875.01655344537,none,False,0.0
2024-04-05 04:00:00,18.18,19.55,18.13,19.36,1256010.0,0.010446917574599812,0.04086021505376336,0.027685266213397605,165.50163838560897,2.768526621339751,3477297.1216689404,none,False,0.0
2024-04-08 04:00:00,20.74,21.98,19.55,20.3,3285259.0,0.00055938120864929,0.04855371900826455,0.04614191195262962,173.13820041201367,4.614191195262962,15158813.151958404,none,False,0.0
2024-04-09 04:00:00,20.25,21.68,19.89,20.15,1812287.0,0.001156693399136488,-0.007389162561576512,-0.010451177672890619,171.3287023175432,1.04511776728905,1894053.3431269703,none,False,0.0
2024-04-10 04:00:00,20.01,20.74,19.1906,19.34,1370005.0,-0.010013094046060322,-0.04019851116625306,-0.031101581771232373,166.000108672655,3.1101581771232345,4260932.253449717,none,False,0.0
2024-04-11 04:00:00,19.0,19.1871,17.6,18.57,1953569.0,0.007546876215669407,-0.039813857290589394,-0.0498319473167372,157.72800000270658,4.983194731673734,9735014.748761125,none,False,0.0
2024-04-12 04:00:00,18.25,18.36,16.816,16.89,2115318.0,-0.013803088803088781,-0.0904684975767367,-0.07724594482888981,145.54415161652636,7.724594482888991,16339973.752355775,none,False,0.0
2024-04-15 04:00:00,17.28,17.33,16.11,16.37,1550316.0,-0.01252813937555064,-0.030787448194197764,-0.018952749907671512,142.78568971041412,1.8952749907671484,2938275.1425861623,none,False,0.0
2024-04-16 04:00:00,15.7,16.43,15.62,16.36,1010171.0,-0.0018237684606997595,-0.0006108735491754391,-0.00042848758886666546,142.72450781450544,0.042848758886659954,43284.573613296176,none,False,0.0
2024-04-17 04:00:00,17.4,18.13,17.1203,17.31,1709903.0,-0.005918217385259994,0.05806845965770169,0.06270788452783843,151.67445976983,6.270788452783838,10722439.987780442,none,False,0.0
2024-04-18 04:00:00,17.55,18.505,16.92,18.29,1551964.0,-0.002057736489861184,0.05661467359907579,0.05705174697369643,160.32775267099044,5.705174697369642,8854225.744028578,none,False,0.0
2024-04-19 04:00:00,18.29,18.75,17.41,17.49,1011885.0,-0.008728379244074214,-0.04373974849644624,-0.03604130372438346,154.54933144152744,3.604130372438341,3646965.461914771,none,False,0.0
2024-04-22 04:00:00,16.41,17.03,15.7,17.0,1817366.0,0.00920914451894328,-0.028016009148084553,-0.03984357210765309,148.39153401004737,3.9843572107653102,7241035.326699709,none,False,0.0
2024-04-23 04:00:00,17.06,17.42,16.61,17.35,850359.0,0.01186664532137982,0.020588235294117796,0.005867832614822906,149.26227069307515,0.5867832614823154,498976.42745084025,none,False,0.0
2024-04-24 04:00:00,18.1,18.11,17.045,17.48,1440798.0,-0.0004746366063481666,0.007492795389048901,0.00620657512660958,150.18867818970006,0.6206575126609604,894242.1029268864,none,False,0.0
2024-04-25 04:00:00,17.48,18.34,17.03,18.19,1449443.0,-0.003798895945865799,0.04061784897025178,0.04295027275383154,156.6393228824851,4.295027275383134,6225397.219113156,none,False,0.0
2024-04-26 04:00:00,17.69,18.32,17.69,18.24,1137770.0,0.0094738723708514,0.0027487630566243038,-0.00936697112163794,155.17208686853195,0.9366971121637868,1065745.8733065918,none,False,0.0
2024-04-29 04:00:00,18.35,19.3,18.0914,18.68,1626300.0,0.0035414945106835294,0.02412280701754388,0.018464801202179713,158.03730860468676,1.8464801202179748,3002930.6195104923,none,False,0.0
2024-04-30 04:00:00,18.07,18.7623,17.51,17.82,1031044.0,-0.015841273575657788,-0.04603854389721629,-0.03059731190726978,153.2017917803237,3.0597311907269775,3154717.485811906,none,False,0.0
2024-05-01 04:00:00,17.5,18.12,17.48,17.76,751493.0,-0.003247141320371294,-0.0033670033670032407,-0.0016351956565060681,152.95127687583556,0.1635195656506161,122883.80894947844,none,False,0.0
2024-05-02 04:00:00,18.24,18.5,17.705,18.32,1074762.0,0.009353452583191757,0.03153153153153143,0.019546881093474813,155.9409972980227,1.9546881093475132,2100824.501778552,none,False,0.0
2024-05-03 04:00:00,18.01,18.035,17.38,17.38,1054550.0,0.01239530324931204,-0.05131004366812231,-0.06660592036069629,145.55440365102302,6.660592036069635,7023927.3316372335,none,False,0.0
2024-05-06 04:00:00,18.09,19.28,17.8,18.7,3432192.0,0.010326820395470282,0.07594936708860756,0.06290515081084139,154.7105253638727,6.290515081084136,21590255.537176322,none,False,0.0
2024-05-07 04:00:00,18.73,19.09,18.15,18.39,1113483.0,0.0011034322550669273,-0.016577540106951782,-0.01958157745474415,151.68104922839586,1.9581577454744203,2180375.360904094,none,False,0.0
2024-05-08 04:00:00,18.2,18.45,17.55,17.73,1123676.0,9.668561704767598e-05,-0.03588907014681897,-0.037797206917839034,145.94792922519525,3.7797206917839055,4247181.428060972,none,False,0.0
2024-05-09 04:00:00,18.0,18.3,17.74,17.79,711017.0,0.005761905682631019,0.0033840947546530664,-0.004690954030724361,145.26329419832044,0.46909540307243924,333534.80620635656,none,False,0.0
2024-05-10 04:00:00,17.8,18.05,17.2,17.36,1031632.0,0.0012880404483150976,-0.02417088251826871,-0.027375876311126153,141.2865842238005,2.7375876311126035,2824183.003059957,none,False,0.0
2024-05-13 04:00:00,17.72,18.2,17.42,17.94,988346.0,0.00013439827970196383,0.03341013824884809,0.03146094911450872,145.73159426062824,3.1460949114508807,3109430.321352832,none,False,0.0
2024-05-14 04:00:00,17.93,18.5382,17.82,18.12,1264204.0,0.004588124628054802,0.010033444816053505,0.00323612300401401,146.20319962522672,0.3236123004014102,409111.9646166644,none,False,0.0
2024-05-15 04:00:00,18.41,18.68,17.57,17.88,1270922.0,0.012382954328301166,-0.013245033112582849,-0.02852746730716651,142.03239262771493,2.8527467307166487,3625618.5804958646,none,False,0.0
2024-05-16 04:00:00,18.1,19.4942,18.1,18.98,2354468.0,-0.002057457812676855,0.06152125279642062,0.061958022815186364,150.8324388506384,6.195802281518636,14587818.20616262,none,False,0.0
2024-05-17 04:00:00,19.58,19.64,18.68,19.15,1881707.0,0.0014375153681740471,0.008956796628029506,0.005589090942526753,151.6754550684577,0.5589090942526687,1051703.1550189063,none,False,0.0
2024-05-20 04:00:00,20.05,20.4,16.65,17.0,4393433.0,0.0011521390121822517,-0.11227154046997379,-0.11532859787385535,134.1829375035335,11.53285978738554,50668846.77427261,positive_anticipated,True,3.75
2024-05-21 04:00:00,17.21,17.61,16.365,16.47,2128469.0,0.0024525525412217863,-0.03117647058823536,-0.035649101566140304,129.399436336027,3.5649101566140096,7587800.756138064,none,False,0.0
2024-05-22 04:00:00,16.51,16.6081,16.07,16.21,1255413.0,-0.002879403794037838,-0.015786278081359906,-0.014454773438179207,127.52899680076162,1.4454773438179358,1814671.0486345063,none,False,0.0
2024-05-23 04:00:00,16.03,16.1,15.21,15.77,1881189.0,-0.007304229658569694,-0.027143738433066056,-0.020995560921130536,124.85145397922057,2.099556092113053,3949661.825366062,none,False,0.0
2024-05-24 04:00:00,15.77,16.17,15.66,16.025,605028.0,0.006616472735569312,0.016169942929613157,0.007164649640963026,125.7459709041465,0.7164649640962972,433481.36429725453,none,False,0.0
2024-05-28 04:00:00,16.2,16.69,15.7,15.84,1167480.0,0.0006988516168024983,-0.011544461778471016,-0.014108090250702367,123.97193539796861,1.4108090250702365,1647091.3205889997,none,False,0.0
2024-05-29 04:00:00,15.52,16.59,15.36,16.54,1032950.0,-0.007002510333893097,0.044191919191919116,0.0500116581777653,130.1719774547278,5.001165817776521,5165954.231472257,none,False,0.0
2024-05-30 04:00:00,16.68,16.78,16.32,16.66,794384.0,-0.006633719825128281,0.007255139056832061,0.012673428744512546,131.82170273553257,1.2673428744512494,1006756.9019780813,none,False,0.0
2024-05-31 04:00:00,17.15,17.58,16.74,16.97,1293345.0,0.00910813034576452,0.018607442977190747,0.006889839650431695,132.7299331298273,0.6889839650431995,891093.9662687968,none,False,0.0
2024-06-03 04:00:00,17.2,17.38,16.62,16.92,670708.0,0.0008153668202588449,-0.0029463759575719672,-0.0056368378095718145,131.98175602429913,0.5636837809571915,378067.221358236,none,False,0.0
2024-06-04 04:00:00,16.85,16.86,16.38,16.48,553275.0,0.001117847669571903,-0.026004728132387744,-0.0290244574730548,128.15105715935277,2.902445747305471,1605850.6708404345,none,False,0.0
2024-06-05 04:00:00,16.52,16.62,16.07,16.22,930583.0,0.011885160582145726,-0.015776699029126262,-0.03051725661551115,124.24023846247177,3.051725661551119,2839884.021303225,none,False,0.0
2024-06-06 04:00:00,16.06,16.35,15.96,16.08,446003.0,-1.8703125292174327e-05,-0.008631319358816336,-0.010413848966616004,122.94641938354722,1.0413848966616013,464460.7880657642,none,False,0.0
2024-06-07 04:00:00,15.85,16.1,15.75,15.94,1102232.0,-0.001215725881868801,-0.008706467661691475,-0.009185970390828937,121.81703721543154,0.9185970390828802,1012507.0515824012,none,False,0.0
2024-06-10 04:00:00,15.85,16.01,15.3701,15.45,916794.0,0.0030898297784685003,-0.03074027603513174,-0.03590661927934889,117.44299923839876,3.5906619279349017,3291897.3115591505,none,False,0.0
2024-06-11 04:00:00,15.51,15.6,14.842,14.9,1382851.0,0.0024082440353956347,-0.03559870550161803,-0.04002310416837632,112.7425658460338,4.002310416837618,5534598.962234317,none,False,0.0
2024-06-12 04:00:00,15.07,15.335,14.9,14.9,707764.0,0.008213055219294052,0.0,-0.010743263497540997,111.531342753761,1.0743263497540956,760369.5146073577,none,False,0.0
2024-06-13 04:00:00,15.1,15.13,14.19,14.41,1107796.0,0.002013447613418151,-0.03288590604026842,-0.036880546503508874,107.41800588073211,3.6880546503509026,4085612.1894401284,none,False,0.0
2024-06-14 04:00:00,14.23,14.43,13.92,14.27,691431.0,0.0006083510000920445,-0.009715475364330373,-0.012180588803776147,106.1095913209773,1.218058880377615,842203.6697183746,none,False,0.0
2024-06-17 04:00:00,14.31,14.35,13.84,14.03,756080.0,0.007959025756291815,-0.016818500350385457,-0.027285238429804338,103.21436582209533,2.728523842980446,2062982.3072006556,none,False,0.0
2024-06-18 04:00:00,14.0,15.0,13.87,14.51,858759.0,0.002540668981904526,0.03421240199572351,0.02964385129529798,106.274037134064,2.9643851295297896,2545692.4094498726,none,False,0.0
2024-06-20 04:00:00,14.5,14.5,13.6808,14.05,740936.0,-0.002716549071086094,-0.031702274293590516,-0.030548046214416077,103.02757293630005,3.054804621441609,2263414.71699246,none,False,0.0
2024-06-21 04:00:00,14.04,14.53,13.85,14.35,859924.0,-0.004552102376599643,0.021352313167259718,0.024504644691970702,105.55222700458017,2.450464469197078,2107213.208209828,none,False,0.0
2024-06-24 04:00:00,14.06,14.59,13.98,14.15,529061.0,-0.0032506290058951226,-0.013937282229965153,-0.01220167797678999,104.26431272093726,1.2201677976789949,645543.1952078467,none,False,0.0
2024-06-25 04:00:00,14.03,14.08,13.3001,13.64,1093348.0,0.0038508309687881326,-0.03604240282685511,-0.0420371388482625,99.88133933016854,4.2037138848262545,4596122.168547016,none,False,0.0
2024-06-26 04:00:00,13.66,13.83,13.41,13.64,371217.0,0.0012480957362845935,0.0,-0.00316151171772545,99.56556330549411,0.3161511717725385,117360.68953188643,none,False,0.0
2024-06-27 04:00:00,13.37,13.7293,13.26,13.59,323823.0,0.0015765063885171404,-0.003665689149560114,-0.007184694410952043,98.85021515928983,0.7184694410952042,232656.9298237723,none,False,0.0
2024-06-28 04:00:00,13.63,13.75,13.265,13.58,509522.0,-0.003935062320405525,-0.0007358351729211954,0.0017448134000541053,99.02269033929801,0.17448134000543902,88902.0813222513,none,False,0.0
2024-07-01 04:00:00,13.71,14.48,13.6,14.12,950278.0,0.002057991253537228,0.03976435935198808,0.03572123062064267,102.55990269758455,3.5721230620642475,3394509.959172289,none,False,0.0
2024-07-02 04:00:00,14.12,14.68,13.6,13.77,826829.0,0.006729746580115048,-0.024787535410764838,-0.03391613367693655,99.08146732779967,3.3916133676936466,2804284.28919677,none,False,0.0
2024-07-03 04:00:00,14.0,14.7299,13.85,14.39,761403.0,0.004462578095116854,0.04502541757443734,0.038364760254398694,102.88270406748472,3.836476025439839,2921104.35519797,none,False,0.0
2024-07-05 04:00:00,14.55,14.68,14.2427,14.59,646480.0,0.005766510717005735,0.013898540653231262,0.005818479027843524,103.48132492342921,0.5818479027843493,376153.03219202615,none,False,0.0
2024-07-08 04:00:00,14.55,14.55,14.13,14.38,453557.0,0.001153901629886045,-0.01439342015078815,-0.01745239626359336,101.67532783498385,1.7452396263593517,791565.6492126685,none,False,0.0
2024-07-09 04:00:00,14.44,14.77,14.28,14.62,482130.0,0.000972482351246251,0.016689847009735637,0.013828356028333629,103.08133046758354,1.3828356028333655,666706.5291940505,none,False,0.0
2024-07-10 04:00:00,14.55,15.26,14.55,15.02,671531.0,0.009895289842035249,0.02735978112175097,0.014785310224346612,104.60541991688517,1.4785310224346704,992879.4160265767,none,False,0.0
2024-07-11 04:00:00,15.36,15.66,15.1001,15.32,751216.0,-0.00862253260172452,0.01997336884154466,0.02755659356516639,107.48798895824834,2.7556593565166487,2070095.3991650108,none,False,0.0
2024-07-12 04:00:00,15.56,15.92,15.49,15.78,893795.0,0.006307504312823342,0.030026109660574285,0.021357145950692772,109.7836256263761,2.1357145950692713,1908891.0264999394,none,False,0.0
2024-07-15 04:00:00,15.49,15.6,14.0,15.42,1125670.0,0.002750049108019681,-0.02281368821292773,-0.027610161006468674,106.75248204695798,2.7610161006468625,3107992.994015154,none,False,0.0
2024-07-16 04:00:00,15.23,15.4,14.0,15.27,795681.0,0.005930226345876477,-0.009727626459144045,-0.017985901793255044,104.83244238867515,1.798590179325521,1431104.03247591,none,False,0.0
2024-07-17 04:00:00,15.12,15.15,14.26,14.59,865790.0,-0.014021173388096053,-0.04453176162409955,-0.031071811488003285,101.57510850094727,3.107181148800331,2690166.3668198385,none,False,0.0
2024-07-18 04:00:00,14.43,14.496,13.43,13.58,1730964.0,-0.007684849355406476,-0.06922549691569568,-0.06266299336626278,95.21010815077499,6.26629933662628,10846738.564923972,none,False,0.0
2024-07-19 04:00:00,13.64,13.66,11.822,12.01,3166008.0,-0.006640610863822172,-0.11561119293078059,-0.11018540195827431,84.71934411369108,11.01854019582743,34884786.40831121,none,False,0.0
2024-07-22 04:00:00,12.43,12.62,12.1,12.3,972787.0,0.010309841709320589,0.024146544546211457,0.011120810527279444,85.66149188757483,1.1120810527279534,1081817.9910400677,none,False,0.0
2024-07-23 04:00:00,12.3,12.3,11.9,11.91,791624.0,-0.0015685567474984508,-0.03170731707317076,-0.03180274347709956,82.93722143520864,3.180274347709955,2517581.5002315454,none,False,0.0
2024-07-24 04:00:00,11.9,12.265,11.82,11.97,628397.0,-0.0226624291234786,0.005037783375314797,0.027904228439543724,85.25152060827772,2.7904228439543655,1753493.3438723914,none,False,0.0
2024-07-25 04:00:00,12.0,12.64,11.92,12.42,756691.0,-0.005210354193226685,0.037593984962405846,0.041462860767733735,88.78629253749631,4.1462860767733645,3137457.357719714,none,False,0.0
2024-07-26 04:00:00,12.71,12.79,12.4,12.79,435630.0,0.01119964339443924,0.029790660225442744,0.015796326816049346,90.18878983120396,1.5796326816049255,688135.3850875538,none,False,0.0
2024-07-29 04:00:00,13.05,13.44,12.65,12.78,659805.0,0.0005877599000807532,-0.0007818608287724071,-0.00322455969286569,89.89797069476593,0.3224559692865614,212758.06081511965,none,False,0.0
2024-07-30 04:00:00,12.7,12.955,12.42,12.47,382704.0,-0.005066451281298123,-0.024256651017214304,-0.02054442165919117,88.05106887850704,2.0544421659191237,786243.2346659123,none,False,0.0
2024-07-31 04:00:00,12.8,13.22,12.74,12.76,540024.0,0.01625461254612537,0.023255813953488413,0.003758861116630794,88.38204061759225,0.37588611166310404,202987.52156475608,none,False,0.0
2024-08-01 04:00:00,12.85,12.85,12.1,12.21,598403.0,-0.014160962945480193,-0.04310344827586199,-0.029491329311205804,85.77553675254246,2.9491329311205905,1764769.9933813547,none,False,0.0
2024-08-02 04:00:00,11.84,11.91,11.58,11.86,489624.0,-0.018618441649325135,-0.028665028665028736,-0.010200692371785343,84.90056688910501,1.0200692371785336,499450.38018430234,none,False,0.0
2024-08-05 04:00:00,10.54,11.8,10.4,11.59,943818.0,-0.029123662976168085,-0.02276559865092742,0.007134264393970965,85.5062699804899,0.7134264393970913,673344.7151788839,none,False,0.0
2024-08-06 04:00:00,11.73,12.1,11.5044,12.06,536079.0,0.009219529166183404,0.04055220017256267,0.028713332937945923,87.96143997872159,2.8713332937945646,1539261.4808040964,none,False,0.0
2024-08-07 04:00:00,12.3,12.3755,11.7,11.75,560924.0,-0.006683903092980947,-0.02570480928689889,-0.020231892277797932,86.1818136004721,2.023189227779798,1134855.3944031554,none,False,0.0
2024-08-08 04:00:00,11.9,12.64,11.87,12.59,447817.0,0.02311726371804257,0.07148936170212772,0.044522025460476095,90.01880249982233,4.452202546047612,1993771.9875634036,none,False,0.0
2024-08-09 04:00:00,12.55,12.95,12.36,12.74,352904.0,0.004409686233864285,0.011914217633042234,0.005311136091321845,90.49690461067671,0.5311136091321833,187432.117117184,none,False,0.0
2024-08-12 04:00:00,12.54,12.7299,12.25,12.45,619208.0,0.0005253381864573914,-0.02276295133438,-0.025137700637601096,88.22202051394397,2.5137700637601124,1556546.5336407716,none,False,0.0
2024-08-13 04:00:00,12.46,12.6,12.24,12.43,542850.0,0.016445702927222472,-0.0016064257028112205,-0.021311391212322978,86.34188652122974,2.131139121232284,1156888.8719609452,none,False,0.0
2024-08-14 04:00:00,12.42,12.45,11.65,12.04,649724.0,0.0031547487270313646,-0.03137570394207567,-0.03661271512844108,83.18067562637577,3.6612715128441,2378815.97241112,none,False,0.0
2024-08-15 04:00:00,12.13,12.668,12.09,12.15,1154719.0,0.01714022988505759,0.00913621262458486,-0.011324784705577351,82.2386723832426,1.1324784705577406,1307694.4070439637,none,False,0.0
2024-08-16 04:00:00,12.09,12.37,11.78,11.81,943526.0,0.0022420308460049387,-0.027983539094650234,-0.032227005316996474,79.58836625108509,3.2227005316996737,3040701.741872466,none,False,0.0
2024-08-19 04:00:00,12.02,12.3623,11.83,11.975,804349.0,0.009561436741173823,0.013971210838272574,0.0017601578972580162,79.72845434247179,0.1760157897257919,141578.124450151,none,False,0.0
2024-08-20 04:00:00,12.02,12.2997,11.8,12.07,535218.0,-0.0016261324851235548,0.007933194154488676,0.007900442192856082,80.35834438713026,0.7900442192856127,422845.88695760706,none,False,0.0
2024-08-21 04:00:00,12.05,12.54,11.92,12.47,530788.0,0.003436549131913269,0.033140016570008424,0.02759624972677551,82.57593332646773,2.7596249726775435,1464775.819997568,none,False,0.0
2024-08-22 04:00:00,13.08,15.02,13.0606,14.52,5274204.0,-0.007848453497912966,0.16439454691259003,0.17113514281154193,96.70757746908916,17.113514281154195,90260165.47572058,surprising_positive,True,1.9593999999999987
2024-08-23 04:00:00,14.79,15.83,14.74,15.3,2238527.0,0.010625292150587828,0.053719008264462964,0.04034988862349599,100.60971744901504,4.034988862349609,9032431.513068883,none,False,0.0
2024-08-26 04:00:00,15.05,15.27,14.23,15.22,1260690.0,-0.0023837902264601807,-0.005228758169934622,-0.004436756887433779,100.16333659218036,0.4436756887433724,559337.5040418821,none,False,0.0
2024-08-27 04:00:00,15.19,15.19,14.54,14.77,945686.0,0.0013730630004100686,-0.029566360052562524,-0.0328639056954692,96.8715781442714,3.2863905695469264,3107893.5521525545,none,False,0.0
2024-08-28 04:00:00,14.62,15.07,13.89,14.35,1131937.0,-0.005805256784671253,-0.028436018957345932,-0.023919558080991492,94.5544528044522,2.3919558080991443,2707543.2815523213,none,False,0.0
2024-08-29 04:00:00,14.44,15.055,14.34,14.72,907599.0,8.955758552753323e-05,0.025783972125435595,0.023883594619318108,96.81275302468518,2.3883594619318105,2167672.6592898495,none,False,0.0
2024-08-30 04:00:00,14.87,14.98,14.31,14.56,678037.0,0.0095459837019789,-0.010869565217391353,-0.023063796652450924,94.57988337555989,2.306379665245095,1563810.7490837886,none,False,0.0
2024-09-03 04:00:00,14.5,14.5,13.46,13.64,768326.0,-0.02057905194436549,-0.06318681318681318,-0.04258824185168496,90.55189242805739,4.258824185168497,3272165.350893771,none,False,0.0
2024-09-04 04:00:00,13.45,13.51,10.9,12.01,2941404.0,-0.0020468048108969183,-0.11950146627565983,-0.11907629265101562,79.76930878519074,11.90762926510156,35025148.35088679,surprising_negative,True,2.6099999999999994
2024-09-05 04:00:00,12.31,12.85,12.04,12.3,887784.0,-0.002432162628187684,0.024146544546211457,0.024991201920077383,81.76283968806644,2.499120192007731,2218678.9205413917,none,False,0.0
2024-09-06 04:00:00,12.28,12.35,11.76,11.77,738606.0,-0.01683011590036576,-0.043089430894309055,-0.026571788183869426,79.59025483056347,2.6571788183869405,1962608.2183335046,none,False,0.0
2024-09-09 04:00:00,11.8,12.02,11.6,11.67,436834.0,0.011196239544007724,-0.008496176720475757,-0.022486804846424173,77.80052430251142,2.248680484642418,982300.090828286,none,False,0.0
2024-09-10 04:00:00,11.81,12.1396,11.35,11.62,615540.0,0.004355703592540339,-0.004284490145672781,-0.010828808533359699,76.95803732104453,1.0828808533359657,666556.4804624204,none,False,0.0
2024-09-11 04:00:00,11.7,12.26,11.49,12.2,395580.0,0.010258933289600813,0.04991394148020656,0.03694362415145912,79.80114612726716,3.694362415145913,1461415.8841834203,none,False,0.0
2024-09-12 04:00:00,12.19,12.2549,11.98,12.11,390322.0,0.008423217055661958,-0.007377049180327888,-0.0183490857067456,78.3368680574814,1.834908570674565,716205.1831228376,none,False,0.0
2024-09-13 04:00:00,12.09,12.3397,12.01,12.15,361550.0,0.005222772719955637,0.003303055326176807,-0.004185116778971159,78.00901911656199,0.4185116778971043,151312.89714369806,none,False,0.0
2024-09-16 04:00:00,12.07,12.101,11.65,11.88,479588.0,0.0014768420490738343,-0.022222222222222143,-0.025632737221064558,76.00943442867415,2.5632737221064517,1229315.317837589,none,False,0.0
2024-09-17 04:00:00,12.0,12.67,12.0,12.34,690597.0,0.0004086418875701714,0.03872053872053871,0.036472819929690925,78.78171284354882,3.6472819929690647,2518802.002498457,none,False,0.0
2024-09-18 04:00:00,12.38,12.53,11.95,11.96,471741.0,-0.002965883460315899,-0.030794165316045286,-0.029368522671728903,76.46801032378544,2.9368522671728625,1385433.6253683933,none,False,0.0
2024-09-19 04:00:00,12.37,12.65,12.17,12.38,574330.0,0.017064481653010333,0.03511705685618738,0.014738515754886678,77.59503529868738,1.4738515754886494,846477.1753503961,none,False,0.0
2024-09-20 04:00:00,12.34,12.4315,11.75,11.91,632249.0,-0.004781253283827835,-0.03796445880452348,-0.034562683574797144,74.91314264668362,3.4562683574797193,2185222.212748195,none,False,0.0
2024-09-23 04:00:00,12.06,12.08,11.7024,11.77,442725.0,0.002498900131984172,-0.011754827875734675,-0.01627791082390737,73.69371319114227,1.6277910823907282,720663.8069514352,none,False,0.0
2024-09-24 04:00:00,12.51,13.3,12.24,13.24,2277843.0,0.0028613056681938698,0.12489379779099408,0.11997621594790668,82.53520603896585,11.997621594790676,27328698.36634278,none,False,0.0
2024-09-25 04:00:00,12.81,13.04,12.56,12.68,645725.0,-0.002205496236653226,-0.04229607250755296,-0.04169815430304372,79.09364028211955,4.169815430304369,2692554.0687332884,none,False,0.0
2024-09-26 04:00:00,13.61,14.64,13.61,13.85,2325416.0,0.003964634060767747,0.09227129337539441,0.08615267626074166,85.90776906762855,8.615267626074164,20034081.18195488,none,False,0.0
2024-09-27 04:00:00,14.39,14.52,13.86,14.07,1452990.0,-0.001450288310326675,0.015884476534296033,0.01566030825667643,87.25311121287098,1.5660308256676414,2275427.1293868264,none,False,0.0
2024-09-30 04:00:00,15.0,15.13,13.93,14.14,2192330.0,0.004007209477312923,0.004975124378109541,-0.0011898384821222418,87.14929410346501,0.11898384821222852,260851.85995111495,none,False,0.0
2024-10-01 04:00:00,14.32,14.5,13.54,14.34,1169838.0,-0.008958449525934165,0.014144271570014189,0.022093160838305488,89.07469747503765,2.209316083830548,2584541.9088761606,none,False,0.0
2024-10-02 04:00:00,15.17,15.48,13.95,14.52,2507468.0,0.0004220744961485057,0.012552301255230214,0.010289960311268003,89.991272576794,1.0289960311268054,2580174.6201774683,none,False,0.0
2024-10-03 04:00:00,14.0,14.65,13.8104,14.63,917884.0,-0.001828217839187074,0.007575757575757569,0.007762986935851734,90.68987365014833,0.7762986935851757,712552.1500627354,none,False,0.0
2024-10-04 04:00:00,15.05,17.675,15.05,17.52,6422409.0,0.009087386847944634,0.19753930280246057,0.18584427994467612,107.54406791693381,18.584427994467625,119356797.61152083,surprising_positive,True,2.625
2024-10-07 04:00:00,19.08,22.98,18.3857,21.27,14521862.0,-0.009040455164229244,0.21404109589041087,0.2220792529276842,131.4273741767306,22.207925292768426,322500426.4078927,surprising_positive,True,4.5943000000000005
2024-10-08 04:00:00,18.11,18.49,16.9,17.72,6049054.0,0.009457555477280666,-0.16690173953925724,-0.17899971185728575,107.90191206893616,17.899971185728567,108277892.30091614,surprising_negative,True,1.5899999999999999
2024-10-09 04:00:00,16.50005,18.51,16.50005,17.705,2416624.0,0.0069263918209256925,-0.0008465011286682422,-0.010189158846032071,106.80248234707517,1.018915884603222,2462336.580713377,none,False,0.0
2024-10-10 04:00:00,17.67,17.72,16.51,17.15,1973643.0,-0.0017500086634092415,-0.03134707709686524,-0.031244982841878,103.46544061867083,3.1244982841878044,6166644.167099271,none,False,0.0
2024-10-11 04:00:00,16.8,17.77,16.39,17.615,1165475.0,0.0059882318226789355,0.027113702623906777,0.018792285052133244,105.40979267182145,1.879228505213315,2190193.8421134884,none,False,0.0
2024-10-14 04:00:00,17.48,18.25,16.75,16.97,1931959.0,0.008178336036440248,-0.03661652001135396,-0.04732198971741093,100.4215915468911,4.732198971741097,9142414.393245958,none,False,0.0
2024-10-15 04:00:00,16.38,16.66,15.5739,15.77,1966238.0,-0.0077697152245346235,-0.07071302298173243,-0.06405813814050917,93.98877136329055,6.40581381405092,12595354.542111853,none,False,0.0
2024-10-16 04:00:00,16.05,16.32,15.69,15.94,909365.0,0.00434647624961193,0.010779961953075512,0.004245688049328679,94.38781836663877,0.42456880493286775,386088.0112977773,none,False,0.0
2024-10-17 04:00:00,15.59,15.68,15.14,15.54,1035260.0,8.586639189434031e-05,-0.025094102885821812,-0.026990462319190077,91.84024751162345,2.699046231919011,2794214.6020564754,none,False,0.0
2024-10-18 04:00:00,16.6,17.09,15.83,16.5,1953125.0,0.0038464840731518013,0.061776061776061875,0.055786057596068334,96.96365284894402,5.578605759606803,10895714.374232037,none,False,0.0
2024-10-21 04:00:00,17.2,19.38,17.06,17.78,5906000.0,-0.00164217656819321,0.07757575757575763,0.07756047050471997,104.48419938576446,7.7560470504719925,45807213.880087584,surprising_positive,True,2.3200000000000003
2024-10-22 04:00:00,17.59,18.6084,16.62,16.65,2693383.0,-0.0005311584394221969,-0.06355455568054003,-0.06477924873531175,97.71579144484411,6.477924873531171,17447532.729646005,none,False,0.0
2024-10-23 04:00:00,16.99,17.8,16.51,16.75,1646137.0,-0.009137351710896358,0.006006006006006093,0.014149640407066483,99.09843475588056,1.4149640407066455,2329224.661076715,none,False,0.0
2024-10-24 04:00:00,16.7,17.1515,16.3,16.34,1012821.0,0.0021626671741725723,-0.024477611940298516,-0.028634686323376263,96.26078216150835,2.863468632337629,2900181.16367283,none,False,0.0
2024-10-25 04:00:00,16.6,17.9,16.6,17.21,1677581.0,-0.00034528002209799347,0.05324357405140767,0.05181654184092155,101.24868300802,5.181654184092177,8692644.607803538,none,False,0.0
2024-10-28 04:00:00,18.02,18.95,17.55,18.55,2166446.0,0.0030913235700471553,0.07786170830912265,0.07269373898840242,108.60882834352448,7.269373898840215,15748706.005646788,none,False,0.0
2024-10-29 04:00:00,18.22,18.32,17.2,17.24,1671960.0,0.0016183737065922355,-0.07061994609164435,-0.07418452629343705,100.5517338615749,7.418452629343697,12403356.058157489,none,False,0.0
2024-10-30 04:00:00,17.35,17.98,16.71,17.41,1284460.0,-0.003025250528559398,0.009860788863109038,0.011351055914274533,101.69310221491487,1.1351055914274433,1457997.7279648937,none,False,0.0
2024-10-31 04:00:00,17.45,17.62,16.684,17.03,1082824.0,-0.019603110291201875,-0.021826536473291136,-0.0022903327490470145,101.46019117255986,0.22903327490471082,248002.72686541858,none,False,0.0
2024-11-01 04:00:00,17.14,17.5532,17.03,17.05,946999.0,0.004220596510973618,0.0011743981209628718,-0.005222848577558732,100.93027995741544,0.5222848577558503,494603.2380099325,none,False,0.0
2024-11-04 05:00:00,17.25,17.6,16.66,16.68,773591.0,-0.0021539646959932712,-0.02170087976539592,-0.021159056553408655,98.79469045584511,2.115905655340866,1636845.571820796,none,False,0.0
2024-11-05 05:00:00,17.51,18.5,17.4,18.435,2293343.0,0.012091749881539604,0.1052158273381294,0.09025038563114175,107.71094936779441,9.025038563114162,20697509.01344792,none,False,0.0
2024-11-06 05:00:00,17.66,17.93,17.04,17.41,1439308.0,0.024865614704352224,-0.05560075942500675,-0.08447127446253386,98.61246820112737,8.447127446253377,12158018.110412056,none,False,0.0
2024-11-07 05:00:00,18.26,19.44,17.18,17.44,3144228.0,0.007732133188955048,0.001723147616312426,-0.00849660508861449,97.77459700200883,0.8496605088614495,2671526.3624564176,none,False,0.0
2024-11-08 05:00:00,17.2,17.23,16.4738,16.51,1427995.0,0.004331693557865224,-0.05332568807339444,-0.05984387018224505,91.9233867118993,5.984387018224502,8545674.740089497,none,False,0.0
2024-11-11 05:00:00,17.0,17.39,16.4404,16.87,1116936.0,0.0009528745047560072,0.021804966686856497,0.01896481995381493,93.66669719043536,1.8964819953814827,2118249.013993412,none,False,0.0
2024-11-12 05:00:00,16.5,16.7,15.57,15.84,1644622.0,-0.0031064199345314236,-0.061055127445169055,-0.05947650291113575,88.09572960231196,5.947650291113571,9781636.517071784,none,False,0.0
2024-11-13 05:00:00,16.3,17.98,16.185,17.38,3519317.0,0.0004858435248786819,0.0972222222222221,0.09489046508879725,96.45517435661225,9.489046508879696,33394962.692490965,none,False,0.0
2024-11-14 05:00:00,17.1,17.2,16.51,16.58,1724269.0,-0.006430114368961348,-0.04602991944764101,-0.04083326579868258,92.51659458445043,4.083326579868252,7040753.43854285,none,False,0.0
2024-11-15 05:00:00,16.93,17.25,16.51,16.55,1506553.0,-0.012808628971096359,-0.001809408926417233,0.010330618126979265,93.47234819351094,1.0330618126979108,1556362.3731054754,none,False,0.0
2024-11-18 05:00:00,17.1,18.2,15.35,15.39,4638178.0,0.0040973111395645745,-0.07009063444108765,-0.07635367804964356,86.33539061299943,7.635367804964344,35414194.97489391,positive_anticipated,True,2.8499999999999996
2024-11-19 05:00:00,15.5,16.23,15.3,15.67,1103891.0,0.0036555300518574807,0.018193632228719947,0.012411492286033584,87.40694164760437,1.2411492286033665,1370093.463112199,none,False,0.0
2024-11-20 05:00:00,15.55,15.71,15.038,15.28,1361059.0,0.0003388107741826296,-0.024888321633695032,-0.027060025313542665,85.04170759404084,2.706002531354268,3683029.0993225086,none,False,0.0
2024-11-21 05:00:00,13.79,13.88,12.015,13.29,8886724.0,0.005368331922099845,-0.1302356020942409,-0.13788222361214103,73.315967851201,13.788222361214098,122532126.574738,surprising_negative,True,1.8650000000000002
2024-11-22 05:00:00,13.9,14.38,13.55,14.06,2459604.0,0.003099364967069196,0.05793829947328821,0.05276157663772949,77.18423390775145,5.27615766377294,12977258.49444658,none,False,0.0
2024-11-25 05:00:00,14.59,15.43,13.97,15.25,2566555.0,0.0033920505113262944,0.08463726884779521,0.07914194126636384,83.292744014368,7.914194126636387,20312214.50668925,none,False,0.0
2024-11-26 05:00:00,15.09,15.25,14.5658,14.64,804333.0,0.005221495155054878,-0.039999999999999925,-0.047486781403596245,79.33743968685202,4.748678140359608,3819518.534669865,none,False,0.0
2024-11-27 05:00:00,15.09,15.47,14.81,14.99,917630.0,-0.003030050778323412,0.02390710382513661,0.02540259621928948,81.35281663228935,2.540259621928942,2331018.436870655,none,False,0.0
2024-11-29 05:00:00,15.06,15.99,14.95,15.52,1198361.0,0.006212113621561821,0.03535690460306862,0.026791779048314084,83.53240332045966,2.6791779048314313,3210622.313211699,none,False,0.0
2024-12-02 05:00:00,15.8,16.03,15.26,15.64,1228345.0,0.0017923823749066425,0.0077319587628865705,0.003977960297582873,83.86469190443013,0.39779602975829054,488630.7641734474,none,False,0.0
2024-12-03 05:00:00,15.5,15.99,15.09,15.18,1038365.0,0.0004638603117803619,-0.02941176470588236,-0.0317195918702326,81.2045381048988,3.1719591870232655,3293651.4012334133,none,False,0.0
2024-12-04 05:00:00,15.25,15.49,14.8104,14.99,1220079.0,0.0062095345332913165,-0.012516469038208133,-0.021078787109712706,79.49284493384309,2.107878710971267,2571778.5498031126,none,False,0.0
2024-12-05 05:00:00,14.84,15.27,14.58,14.86,952640.0,-0.0016456571108843798,-0.008672448298865931,-0.008683946602602383,78.80253331314864,0.868394660260241,827267.489150316,none,False,0.0
2024-12-06 05:00:00,15.11,15.43,14.98,15.09,964014.0,0.0018956252266508766,0.015477792732166984,0.011611408591558991,79.71754172549755,1.161140859155907,1119356.0441983223,none,False,0.0
2024-12-09 05:00:00,15.99,16.93,15.99,16.25,2758650.0,-0.0051496355769072855,0.07687210072895967,0.08067488089102208,86.14874490912715,8.067488089102204,22255376.017001793,none,False,0.0
2024-12-10 05:00:00,15.76,16.1,15.48,15.49,1189175.0,-0.0031090824899120406,-0.046769230769230785,-0.04518770789328393,82.25588058880048,4.518770789328386,5373609.2533995835,none,False,0.0
2024-12-11 05:00:00,15.55,15.71,15.09,15.32,647766.0,0.0077305905773059624,-0.010974822466107148,-0.021192895951126965,80.5126402701137,2.1192895951126944,1372803.7438677696,none,False,0.0
2024-12-12 05:00:00,15.3,15.69,15.1,15.16,673473.0,-0.005152602640503101,-0.010443864229765065,-0.006637854251398161,79.97820909860545,0.6637854251398068,447041.56162518106,none,False,0.0
2024-12-13 05:00:00,15.11,15.43,14.9,15.34,871106.0,-0.0001985670080916213,0.01187335092348274,0.010286613310864933,80.8009140088983,1.0286613310865,896073.0574774367,none,False,0.0
2024-12-16 05:00:00,15.08,15.14,14.16,14.38,2015628.0,0.0042700385627512105,-0.0625814863102998,-0.0690325534746801,75.22302059177602,6.903255347467985,13914394.7695062,none,False,0.0
2024-12-17 05:00:00,14.5,14.8109,14.275,14.61,776854.0,-0.004120041530018659,0.01599443671766343,0.01867644560797216,76.6279192443257,1.8676445607972214,1450887.1476335647,none,False,0.0
2024-12-18 05:00:00,14.5,14.68,13.71,13.935,1316561.0,-0.0298035711330652,-0.04620123203285409,-0.015561250557799607,75.43549299324191,1.5561250557799666,2048733.5595627287,none,False,0.0
2024-12-19 05:00:00,14.0,14.2199,13.82,14.02,1072351.0,-0.00030702053626241455,0.006099748833871432,0.004631069012148469,75.78483996725906,0.4631069012148492,496613.1486246448,none,False,0.0
2024-12-20 05:00:00,13.96,15.3,13.93,15.01,2499205.0,0.008616277085821356,0.07061340941512118,0.05943121614179877,80.28882517162486,5.943121614179869,14853079.2537664,none,False,0.0
2024-12-23 05:00:00,15.13,15.53,14.82,14.97,1080956.0,0.0059883278355747915,-0.0026648900732844094,-0.010986412160517912,79.40673904640563,1.0986412160517878,1187582.8143384764,none,False,0.0
2024-12-24 05:00:00,15.01,15.645,14.79,15.24,1016022.0,0.011115034723973682,0.018036072144288484,0.0041338400514145755,79.73499380462789,0.41338400514145945,420007.2436718359,none,False,0.0
2024-12-26 05:00:00,15.73,17.45,15.62,16.245,3868760.0,6.652253450867285e-05,0.06594488188976388,0.06406957933770556,84.84358131618495,6.406957933770552,24786982.57585416,none,False,0.0
2024-12-27 05:00:00,16.64,17.01,15.4,16.03,2450742.0,-0.010526490837130531,-0.01323484148968912,-0.003579050690816264,84.53992183786394,0.357905069081621,877132.98481123,none,False,0.0
2024-12-30 05:00:00,15.92,16.06,15.19,15.655,1311429.0,-0.01141157291474082,-0.023393636930754913,-0.012774384300758074,83.45997638755101,1.2774384300758168,1675269.8029158984,none,False,0.0
2024-12-31 05:00:00,16.82,16.98,15.68,15.745,1877011.0,-0.003638094590459273,0.005748961992973589,0.007906344419094736,84.11983970608051,0.7906344419094768,1484029.5444429491,none,False,0.0
2025-01-02 05:00:00,15.85,16.64,15.43,15.67,2150839.0,-0.002457002457002533,-0.004763416957764277,-0.003891720027273978,83.79246884120528,0.3891720027274004,837046.3211741991,none,False,0.0
2025-01-03 05:00:00,15.77,15.78,14.96,15.42,1970049.0,0.012503420908593466,-0.01595405232929159,-0.03136762120050438,81.16409841913928,3.1367621200504403,6179575.07784325,none,False,0.0
2025-01-06 05:00:00,15.81,16.45,15.62,15.99,1911540.0,0.005760621674127719,0.03696498054474717,0.02889132947514669,83.50903712811987,2.889132947514672,5522693.194492197,none,False,0.0
2025-01-07 05:00:00,15.98,16.07,15.11,15.18,1638225.0,-0.011304084923407731,-0.05065666041275796,-0.04015441453227437,80.15578063408626,4.015441453227431,6578196.574713508,none,False,0.0
2025-01-08 05:00:00,14.9,15.14,14.42,14.7,1535970.0,0.0014610196558109134,-0.031620553359683834,-0.03501384478980704,77.34921857195854,3.501384478980696,5378021.518179979,none,False,0.0
2025-01-10 05:00:00,14.41,14.74,14.13,14.48,1578459.0,-0.01526743456207913,-0.014965986394557707,-0.0001494105814548452,77.33766178023663,0.014941058145490071,23583.84769927211,none,False,0.0
2025-01-13 05:00:00,14.25,14.2735,13.88,14.1,1173069.0,0.0015504143051559005,-0.026243093922652005,-0.02973369647761818,75.03812721857439,2.9733696477618143,3487967.759330304,none,False,0.0
2025-01-14 05:00:00,14.52,15.4484,14.4772,14.95,2111011.0,0.0013760126593165278,0.06028368794326244,0.05698293143003865,79.31401967650893,5.698293143003874,12029159.50610575,none,False,0.0
2025-01-15 05:00:00,15.07,15.2,14.87,14.97,1176686.0,0.01818993799275126,0.0013377926421405117,-0.02026587125100858,77.70665196534485,2.026587125100854,2384656.697886423,none,False,0.0
2025-01-16 05:00:00,15.07,15.23,14.92,15.13,774139.0,-0.0019231418064037387,0.010688042752170945,0.010978602211908581,78.5597623864916,1.0978602211908717,849896.4137724802,none,False,0.0
2025-01-17 05:00:00,15.12,15.65,14.97,15.55,1363064.0,0.010039889121763235,0.027759418374091238,0.015027542993701432,79.74032259332957,1.502754299370146,2048350.2863166686,none,False,0.0
2025-01-21 05:00:00,15.84,16.13,15.56,15.66,1512171.0,0.009153586130727032,0.0070739549839227145,-0.004693129532121521,79.36609093046592,0.46931295321215316,709681.4377717748,none,False,0.0
2025-01-22 05:00:00,15.59,15.94,15.43,15.75,1052494.0,0.005621424425835464,0.005747126436781658,-0.002175000566159182,79.19346963775831,0.21750005661591576,228917.50458791165,none,False,0.0
2025-01-23 05:00:00,15.45,16.02,15.45,15.985,873142.0,0.005458083239891831,0.014920634920634779,0.007176314024142417,79.76178684454025,0.7176314024142316,626594.117966767,none,False,0.0
2025-01-24 05:00:00,16.16,17.17,16.12,16.59,3433017.0,-0.002919229192291928,0.03784798248357846,0.03922283932210665,82.89027059398776,3.9222839322106573,13465267.418106034,none,False,0.0
2025-01-27 05:00:00,16.47,16.65,16.06,16.45,1530423.0,-0.014145434807638524,-0.008438818565400852,0.005156397144181776,83.31768574855906,0.5156397144181701,789146.8786589992,none,False,0.0
2025-01-28 05:00:00,16.45,17.07,15.95,17.0,1092533.0,0.00859235530640512,0.033434650455927084,0.022278497390607013,85.17387859309974,2.2278497390606944,2433999.3589651976,none,False,0.0
2025-01-29 05:00:00,17.0,17.32,16.6,16.73,1212157.0,-0.004482895520412922,-0.01588235294117646,-0.012805356988244334,84.08319667164172,1.2805356988244365,1552210.3110799326,none,False,0.0
2025-01-30 05:00:00,16.75,17.44,16.75,17.22,1786748.0,0.0053671424535983725,0.029288702928870203,0.0216433762146154,85.90304093053355,2.1643376214615317,3867125.916471149,none,False,0.0
2025-01-31 05:00:00,17.13,17.49,16.67,16.99,1744060.0,-0.005321962184318241,-0.013356562137049943,-0.009366194729773148,85.0984563212985,0.9366194729773181,1633520.5580408215,none,False,0.0
2025-02-03 05:00:00,16.38,16.7983,16.2,16.69,1215640.0,-0.006729586919677066,-0.017657445556209406,-0.012134799121516384,84.06580364828841,1.2134799121516382,1475154.7204080175,none,False,0.0
2025-02-04 05:00:00,17.05,17.32,16.635,16.95,1283133.0,0.006708265720929418,0.015578190533253267,0.006472975395549125,84.60995952691084,0.647297539554903,830568.8338217014,none,False,0.0
2025-02-05 05:00:00,17.1,17.1,16.42,16.97,872184.0,0.004054637907541014,0.0011799410029498247,-0.005036650382354197,84.18380874190865,0.5036650382354235,439288.5877083246,none,False,0.0
2025-02-06 05:00:00,16.93,18.66,16.93,18.195,4190623.0,0.003475555261328589,0.07218621096051869,0.06659998374234179,89.79044903548818,6.659998374234188,27909542.367028397,none,False,0.0
2025-02-07 05:00:00,18.68,20.63,18.4,20.4,5200946.0,-0.009153582266789972,0.12118713932399006,0.12934844160184628,101.40470368895858,12.934844160184621,67273425.99553557,surprising_positive,True,2.2300000000000004
2025-02-10 05:00:00,21.0,21.07,20.01,20.5,3245032.0,0.006791284518201657,0.004901960784313708,-0.004293625003142579,100.96930991776341,0.4293625003142454,1393295.0531197363,none,False,0.0
2025-02-11 05:00:00,19.71,20.99,19.7,20.71,2753361.0,0.0007605191369759456,0.0102439024390244,0.007613145388088119,101.73800395390226,0.7613145388088105,2096173.7598891654,none,False,0.0
2025-02-12 05:00:00,21.0,25.44,21.0,25.14,8031864.0,-0.003221489815135925,0.213906325446644,0.2156102100448894,123.67375635595093,21.561021004488957,173175188.4091987,surprising_positive,True,4.440000000000001
2025-02-13 05:00:00,24.1,26.33,23.9047,25.81,3693540.0,0.010557544417926223,0.026650755767700707,0.013355383360143865,125.32546678367369,1.3355383360143858,4932864.265602575,none,False,0.0
2025-02-14 05:00:00,27.38,29.76,24.41,25.56,4863175.0,-4.9202105850132405e-05,-0.009686168151879171,-0.011435497896751863,123.89230767185954,1.1435497896751912,5561282.748403648,none,False,0.0
2025-02-18 05:00:00,26.38,27.21,25.15,26.34,2738496.0,0.0029358701000492538,0.030516431924882736,0.025517682486304004,127.05375224152553,2.5517682486303928,6988007.141801336,none,False,0.0
2025-02-19 05:00:00,27.0,27.705,26.28,26.45,2342025.0,0.0023549035961338838,0.004176157934700164,-0.00019017665124107172,127.02958958439663,0.019017665124099192,44539.84716226841,none,False,0.0
2025-02-20 05:00:00,26.99,27.67,25.8104,26.07,2341277.0,-0.00416034457442116,-0.014366729678638945,-0.01164084864817261,125.55085735820519,1.1640848648172608,2725445.120044762,none,False,0.0
2025-02-21 05:00:00,26.81,28.59,25.16,25.23,3872849.0,-0.01710409908581534,-0.03222094361334871,-0.015405054730912061,123.61673952908912,1.5405054730912027,5966145.080955791,none,False,0.0
2025-02-24 05:00:00,24.54,24.54,22.16,23.53,3799339.0,-0.004550455045504553,-0.06738010305192232,-0.06422956474015,115.67689015453924,6.422956474014995,24402989.02702766,none,False,0.0
2025-02-25 05:00:00,23.98,24.65,23.181,23.59,1989068.0,-0.00497312503139602,0.0025499362515937207,0.006160574715509733,116.3895262791941,0.6160574715509792,1225380.2028229632,none,False,0.0
2025-02-26 05:00:00,24.5,25.73,24.34,25.25,2333575.0,0.0005048465266557223,0.07036880033912674,0.06801635736497355,124.30591789213975,6.801635736497347,15872127.113796797,none,False,0.0
2025-02-27 05:00:00,25.03,25.435,23.5596,23.65,1531799.0,-0.015961920139940133,-0.06336633663366342,-0.04779377404434908,118.3648689400274,4.779377404434914,7321045.528735997,none,False,0.0
2025-02-28 05:00:00,22.37,23.328,21.88,22.96,1711480.0,0.015605503803093779,-0.029175475687103547,-0.04796583699535587,112.68739893047339,4.796583699535583,8209257.07008116,none,False,0.0
2025-03-03 05:00:00,23.375,23.66,20.59,20.83,2059376.0,-0.017519943451479336,-0.09277003484320567,-0.0755014758817556,104.17933399794647,7.550147588175571,15548592.739546655,none,False,0.0
2025-03-04 05:00:00,20.85,21.53,20.05,21.11,1594203.0,-0.011836853555338478,0.013442150744119141,0.024524345371357746,106.73426396547015,2.4524345371357725,3909678.49640546,none,False,0.0
2025-03-05 05:00:00,22.02,23.95,21.59,23.82,2066172.0,0.010747841764032762,0.12837517764092854,0.11487265582409559,118.99511233461375,11.487265582409535,23734666.502938274,none,False,0.0
2025-03-06 05:00:00,23.55,24.5,22.65,22.89,2841614.0,-0.017751174836208805,-0.03904282115869018,-0.021522553774958743,116.43403363043477,2.152255377495871,6115879.012267551,none,False,0.0
2025-03-07 05:00:00,22.9,23.66,21.92,22.67,1254082.0,0.005604930942361586,-0.009611183923110445,-0.01751535683773412,114.39464998334097,1.7515356837734086,2196569.373377924,none,False,0.0
2025-03-10 04:00:00,21.98,22.44,20.82,21.36,1609245.0,-0.026635643839421963,-0.057785619761799856,-0.03059410607115922,110.8948479277775,3.05941060711592,4923341.222448259,none,False,0.0
2025-03-11 04:00:00,22.33,22.68,21.42,22.45,2263980.0,-0.00831281886617441,0.051029962546816465,0.05827604637658683,117.35736122854121,5.827604637658679,13193580.347566495,none,False,0.0
2025-03-12 04:00:00,24.935,25.06,21.2,21.63,6066342.0,0.005306518923586134,-0.03652561247216035,-0.04410494704996551,112.18132102563274,4.4104947049965375,26755569.269698106,none,False,0.0
2025-03-13 04:00:00,21.78,23.05,21.4,21.77,2397042.0,-0.013330470413513096,0.006472491909385036,0.019180572846580306,114.33302302559049,1.9180572846580146,4597663.869731217,none,False,0.0
2025-03-14 04:00:00,22.43,24.58,22.37,24.18,2832310.0,0.020655761488520552,0.11070280202113003,0.08641494998254153,124.21310549169966,8.641494998254151,24475392.698505215,none,False,0.0
2025-03-17 04:00:00,23.97,25.79,23.62,25.26,2734408.0,0.007711305769265042,0.04466501240694787,0.03446793152469112,128.4944743062568,3.4467931524690965,9424938.770456716,none,False,0.0
2025-03-18 04:00:00,25.39,25.5,24.3122,24.68,1457932.0,-0.010808428105439472,-0.022961203483768844,-0.012998508044458077,126.82423784831852,1.2998508044457902,1895094.0830272597,none,False,0.0
2025-03-19 04:00:00,24.78,24.84,23.1701,24.12,1536323.0,0.010890877330576476,-0.02269043760129652,-0.03634866171099495,122.21434653001522,3.6348661710995045,5584328.500582104,none,False,0.0
2025-03-20 04:00:00,23.23,23.37,22.53,22.66,1321772.0,-0.002891753213548953,-0.06053067993366501,-0.05918573224984833,114.98100093919956,5.9185732249848355,7823004.368734656,none,False,0.0
2025-03-21 04:00:00,22.0,23.12,21.68,23.05,1390078.0,-0.002670250579143718,0.017210944395410488,0.01831477395115587,117.08685198007862,1.8314773951155772,2545896.434447471,none,False,0.0
2025-03-24 04:00:00,23.44,23.44,22.5,23.01,908855.0,0.017908436469378453,-0.0017353579175705125,-0.02303259150325565,114.3900383480193,2.303259150325576,2093328.5950691516,none,False,0.0
2025-03-25 04:00:00,22.6,23.34,22.11,22.28,1144422.0,0.0024038461538462563,-0.031725336810082605,-0.036144948134381,110.25541634484031,3.614494813438085,4136507.38338444,none,False,0.0
2025-03-26 04:00:00,22.5,22.9,21.81,22.33,1476868.0,-0.011938275466583215,0.002244165170556478,0.013436763276518528,111.7368922742199,1.3436763276518215,1984432.5706664904,none,False,0.0
2025-03-27 04:00:00,22.5,22.8689,21.9601,22.19,1501468.0,-0.0026556921507588926,-0.00626959247648895,-0.005181610592303933,111.15791520966067,0.5181610592303931,778002.2492805399,none,False,0.0
2025-03-28 04:00:00,22.07,22.1,20.11,20.75,2472907.0,-0.020138252098469533,-0.06489409643983779,-0.04477536063344691,106.180779468886,4.477536063344689,11072530.273797525,none,False,0.0
2025-03-31 04:00:00,21.05,21.46,20.39,20.89,2792917.0,0.006712738005254959,0.006746987951807171,-0.0023630955199809983,105.92986414461498,0.236309551998104,659992.9650378886,none,False,0.0
2025-04-01 04:00:00,20.9,20.94,19.38,19.84,2242452.0,0.0028245052646633795,-0.05026328386787937,-0.055140806393228325,100.08880601455579,5.514080639322838,12365061.157810777,none,False,0.0
2025-04-02 04:00:00,19.92,20.11,19.47,19.78,1222059.0,0.006328324152806708,-0.003024193548387011,-0.011715820829999906,98.91618349620063,1.171582082999989,1431742.4287688835,none,False,0.0
2025-04-03 04:00:00,18.68,19.15,18.533,18.95,1445945.0,-0.049280804931623234,-0.04196157735085959,0.009880473192699253,99.89352219555899,0.9880473192699579,1428662.0810617993,none,False,0.0
2025-04-04 04:00:00,17.35,17.6,15.98,16.73,3010923.0,-0.05854294764300372,-0.11715039577836406,-0.05522597976545548,94.37680456008695,5.522597976545562,16628117.267334493,none,False,0.0
2025-04-07 04:00:00,15.59,17.33,15.4,16.59,2548038.0,-0.0017811906269790123,-0.008368200836820106,-0.008232163253322489,93.59987929762141,0.8232163253322433,2097586.4791669184,none,False,0.0
2025-04-08 04:00:00,17.145,17.27,15.16,15.41,2025998.0,-0.01566279392521508,-0.07112718505123572,-0.05588023824136899,88.36949574310694,5.588023824136911,11321325.091653734,none,False,0.0
2025-04-09 04:00:00,15.22,16.105,14.345,15.61,3312029.0,0.10501933612632941,0.0129785853341986,-0.10314378257230375,79.2547316881558,10.314378257230372,34161519.90491645,none,False,0.0
2025-04-10 04:00:00,15.56,15.6,14.44,14.78,1801064.0,-0.04381903685611166,-0.05317104420243435,-0.007274436691023206,78.67819816002628,0.7274436691023123,1310172.604448087,none,False,0.0
2025-04-11 04:00:00,15.07,15.07,14.02,14.44,2138573.0,0.017842845705135613,-0.023004059539918797,-0.04422989387414372,75.19826980519947,4.422989387414367,9458885.683210904,none,False,0.0
2025-04-14 04:00:00,15.405,16.33,15.34,15.68,2099266.0,0.009701464584035646,0.08587257617728539,0.07350909502051003,80.72602656568783,7.350909502050995,15431514.386732584,none,False,0.0
2025-04-15 04:00:00,15.7,15.84,15.07,15.225,896634.0,-0.002800860661819282,-0.029017857142857095,-0.027771851135230986,78.48411537316684,2.7771851135231063,2490118.597078677,none,False,0.0
2025-04-16 04:00:00,14.64,15.01,14.31,14.61,1279673.0,-0.022228009151615602,-0.040394088669950756,-0.018000534281237515,77.07135936385954,1.8000534281237712,2303479.770527431,none,False,0.0
2025-04-17 04:00:00,14.84,15.1,14.57,14.83,1075466.0,0.0014267777650953661,0.015058179329226595,0.01170216213113735,77.97326090680258,1.1702162131137284,1258527.749852569,none,False,0.0
2025-04-21 04:00:00,14.83,15.0,14.01,14.54,1293421.0,-0.02380273930966348,-0.019554956169925863,0.004552780936954458,78.32825608265125,0.4552780936954548,588866.2472256689,none,False,0.0
2025-04-22 04:00:00,14.7,15.58,14.6503,15.51,1574095.0,0.026017747334007968,0.06671251719394777,0.03658784071631683,81.19411783979018,3.6587840716316933,5759273.7132350905,none,False,0.0
2025-04-23 04:00:00,16.33,16.82,15.9081,16.21,1701307.0,0.015495495495495337,0.045132172791747305,0.02646156173961113,83.34264100190106,2.6461561739611117,4501924.021853257,none,False,0.0
2025-04-24 04:00:00,15.93,16.805,15.86,16.74,735140.0,0.021048896193642586,0.03269586674892033,0.007980065379465318,84.00772072599352,0.7980065379465273,586646.5263060101,none,False,0.0
2025-04-25 04:00:00,16.55,17.09,16.44,16.94,814568.0,0.007225301359088165,0.011947431302270273,0.002279393670135143,84.19920739285884,0.2279393670135299,185672.11430947704,none,False,0.0
2025-04-28 04:00:00,16.91,17.2923,16.57,16.95,597451.0,0.0003813744006975206,0.0005903187721367775,-0.0016277178191760134,84.06215484262498,0.16277178191761443,97248.16387846066,none,False,0.0
2025-04-29 04:00:00,16.78,17.0996,16.65,16.73,541719.0,0.006299355541435903,-0.012979351032448294,-0.02163944434443004,82.24309652143515,2.163944434442988,1172249.815082021,none,False,0.0
2025-04-30 04:00:00,16.31,16.83,16.27,16.75,368244.0,0.0003968826670512904,0.001195457262402888,-0.0010394609527465347,82.15760803396815,0.10394609527466514,38277.52590832379,none,False,0.0
2025-05-01 04:00:00,16.99,17.29,16.65,17.2,724793.0,0.007086954953655411,0.02686567164179099,0.017348231885807128,83.58289726932468,1.7348231885807142,1257387.7033209815,none,False,0.0
2025-05-02 04:00:00,17.92,19.19,17.81,18.82,2494727.0,0.014844127706054033,0.09418604651162799,0.07622448608770555,89.95396065940044,7.622448608770549,19015928.350412324,none,False,0.0
2025-05-05 04:00:00,18.91,19.4,18.6347,18.73,1102654.0,-0.005734349636530411,-0.004782146652497321,-0.00034287221174669237,89.92311794595376,0.034287221174678084,37806.94157714349,none,False,0.0
2025-05-06 04:00:00,18.58,19.285,18.38,19.11,1162421.0,-0.008358325495554708,0.020288307528029792,0.02758392789410581,92.40355074738814,2.758392789410591,3206413.7046594485,none,False,0.0
2025-05-07 04:00:00,18.84,19.0494,18.545,18.75,569243.0,0.004205440229062329,-0.01883830455259028,-0.025219052782221058,90.07322072382512,2.521905278222103,1435576.9262909845,none,False,0.0
2025-05-08 04:00:00,18.805,19.01,18.44,18.87,694426.0,0.006967833912500998,0.006399999999999961,-0.002987769774702727,89.80410267743635,0.298776977470272,207478.5013567711,none,False,0.0
2025-05-09 04:00:00,18.77,19.25,18.11,18.45,1608275.0,-0.0012742009698083478,-0.022257551669316422,-0.022673400962544884,87.76793824934929,2.2673400962544887,3646506.3933036877,none,False,0.0
2025-05-12 04:00:00,19.7,19.87,18.48,19.22,2078383.0,0.033047453662685466,0.04173441734417338,0.0039575084883000655,88.11528060997169,0.3957508488300121,822521.8364438671,none,False,0.0
2025-05-13 04:00:00,18.93,20.08,18.85,19.24,1670550.0,0.006603886859122943,0.0010405827263266776,-0.0079510101249583,87.41467512167827,0.7951010124958247,1328255.9964249,none,False,0.0
2025-05-14 04:00:00,20.08,20.85,19.79,19.87,1543403.0,0.0012780314906959411,0.03274428274428298,0.02955018426710229,89.99779487917273,2.9550184267101987,4560784.304839801,none,False,0.0
2025-05-15 04:00:00,19.67,19.67,18.92,19.09,1127250.0,0.004884358140880618,-0.03925515853044792,-0.04637494725253722,85.82415188880643,4.637494725253721,5227615.929042257,none,False,0.0
2025-05-16 04:00:00,19.15,19.3601,18.89,19.02,929510.0,0.006334044643159675,-0.0036668412781560855,-0.012364695636612836,84.76296237243092,1.2364695636612688,1149310.824118786,none,False,0.0
2025-05-19 04:00:00,19.18,19.64,17.54,17.58,2737127.0,0.0010939077751599413,-0.07570977917981081,-0.07870344859327955,78.0918249207382,7.870344859327972,21542133.413777795,none,False,0.0
2025-05-20 04:00:00,17.835,18.23,17.68,17.95,1109063.0,-0.003362192149281351,0.021046643913538166,0.022903690949401978,79.88041594439761,2.2903690949402034,2540163.619541667,none,False,0.0
2025-05-21 04:00:00,17.96,18.14,16.98,17.07,1551998.0,-0.016850805431390725,-0.049025069637883,-0.03248490520437309,77.28550820475796,3.2484905204373082,5041650.7907376615,none,False,0.0
2025-05-22 04:00:00,16.9,17.61,16.67,17.34,1319277.0,0.0003946059087946985,0.01581722319859402,0.013584783363398745,78.33541509084978,1.3584783363398856,1792209.2241314752,none,False,0.0
2025-05-23 04:00:00,17.14,17.29,16.51,16.96,2591609.0,-0.006825704436707936,-0.021914648212225996,-0.016287372431504764,77.05953701068859,1.6287372431504799,4221050.097983972,none,False,0.0
2025-05-27 04:00:00,15.78,16.66,15.45,15.78,3536844.0,0.020790523389338844,-0.06957547169811329,-0.09401001967712655,69.81516842000349,9.401001967712663,33249877.403492726,none,False,0.0
2025-05-28 04:00:00,16.0,16.9,15.925,16.65,2894400.0,-0.0057853336716569,0.055133079847908606,0.059627853290484784,73.97809704000194,5.962785329048481,17258685.856397923,none,False,0.0
2025-05-29 04:00:00,17.032,17.0702,16.2701,16.33,1385944.0,0.003947390808704654,-0.019219219219219208,-0.025319066080098332,72.10504071256621,2.5319066080098263,3509080.7719315705,none,False,0.0
2025-05-30 04:00:00,16.17,16.36,15.8812,16.22,1111892.0,-0.001118549275485048,-0.006736068585425525,-0.007321353539169425,71.57713421755331,0.7321353539169406,814055.442937415,none,False,0.0
2025-06-02 04:00:00,16.22,16.3,15.78,15.92,996494.0,0.005632942533806196,-0.018495684340320562,-0.026430349454333008,69.68532554724368,2.643034945433298,2633768.4649146087,none,False,0.0
2025-06-03 04:00:00,16.25,16.46,16.11,16.11,620837.0,0.005702620168379191,0.011934673366834181,0.003924160212179742,69.95878192912896,0.39241602121797836,243626.38536490602,none,False,0.0
2025-06-04 04:00:00,16.15,16.68,16.0379,16.31,782973.0,-0.00026841584324532874,0.012414649286157653,0.010903946075683395,70.72160871480469,1.0903946075683457,853749.5370716103,none,False,0.0
2025-06-05 04:00:00,16.51,17.035,15.91,16.05,1163622.0,-0.004832782373768718,-0.01594114040465955,-0.012483272850157366,69.8387715768157,1.248327285015749,1452581.0920445959,none,False,0.0
2025-06-06 04:00:00,16.0,16.34,15.852,16.26,931818.0,0.010268948655256738,0.013084112149532867,0.00010289252959872625,69.84595746468732,0.010289252959894135,9587.711114582633,none,False,0.0
2025-06-09 04:00:00,16.76,17.47,16.74,17.03,2372346.0,0.0009012918516539958,0.04735547355473546,0.04457147745299589,72.95909498300753,4.457147745299572,10573896.624970458,none,False,0.0
2025-06-10 04:00:00,17.065,17.0903,16.58,16.99,1023177.0,0.0056696905016009325,-0.0023487962419261876,-0.010323463594417121,72.20590442206884,1.0323463594417048,1056273.0510144853,none,False,0.0
2025-06-11 04:00:00,16.96,17.38,16.82,17.29,1600502.0,-0.002852026265172114,0.017657445556209517,0.018959148212930568,73.57486686585554,1.8959148212930543,3034415.4633091763,none,False,0.0
2025-06-12 04:00:00,16.9,17.275,16.83,16.93,1115187.0,0.003974324863642353,-0.020821283979178706,-0.02695045008009931,71.59199108923734,2.695045008009944,3005479.1573475855,none,False,0.0
2025-06-13 04:00:00,16.4,16.84,16.35,16.65,1012957.0,-0.011180124223602483,-0.016538688718251704,-0.006171381060835788,71.15016963132169,0.6171381060835923,625134.3645241174,none,False,0.0
2025-06-16 04:00:00,16.92,17.165,16.24,16.31,1653680.0,0.009514237855946295,-0.02042042042042036,-0.03258009470906055,68.8320903661675,3.2580094709060536,5387705.101847922,none,False,0.0
2025-06-17 04:00:00,16.352,16.57,16.05,16.29,825518.0,-0.008545164929979365,-0.0012262415695891704,0.006272764073593555,69.26385782972675,0.6272764073593562,517827.965250481,none,False,0.0
2025-06-18 04:00:00,16.185,17.07,15.975,16.66,1517404.0,-0.0001506200525495105,0.022713321055862545,0.021074390474081755,70.7235514153717,2.1074390474081994,3197836.4402933912,none,False,0.0
2025-06-20 04:00:00,16.64,16.75,16.18,16.21,1409733.0,-0.005289234065345649,-0.027010804321728643,-0.02305606332044542,69.09294473569211,2.305606332044541,3250289.331292147,none,False,0.0
2025-06-23 04:00:00,16.2,16.25,15.38,15.55,1878104.0,0.00987749882210398,-0.04071560764959903,-0.05327071201696719,65.41231437427282,5.327071201696731,10004793.732191438,none,False,0.0
2025-06-24 04:00:00,15.835,16.575,15.8,16.43,1298667.0,0.01104723819045228,0.056591639871382604,0.042763208134411,68.20955478841337,4.276320813441092,5553516.721829103,none,False,0.0
2025-06-25 04:00:00,16.79,17.32,16.492,16.96,2125851.0,0.0005603348824945176,0.032258064516129004,0.02984521933264982,70.24528391165596,2.984521933264972,6344648.936353274,none,False,0.0
2025-06-26 04:00:00,17.16,17.57,16.648,17.23,1503978.0,0.00782382395572534,0.015919811320754595,0.005600248037482013,70.63867492502457,0.5600248037481936,842264.9842916008,none,False,0.0
2025-06-27 04:00:00,17.31,17.35,16.58,16.99,1439967.0,0.004968375635347355,-0.013929193267556705,-0.02114043977770102,69.1453422717955,2.114043977770097,3044153.5645376733,none,False,0.0
2025-06-30 04:00:00,17.11,18.07,16.57,17.36,2989683.0,0.004781187490852323,0.021777516185991885,0.01477003454356111,70.16662136567628,1.4770034543561072,4415772.11842973,none,False,0.0
2025-07-01 04:00:00,17.39,17.39,16.745,16.84,1008074.0,-0.00032370316419849665,-0.02995391705069117,-0.03140443688966694,67.96307813323673,3.1404436889666987,3165799.6313114157,none,False,0.0
2025-07-02 04:00:00,16.79,17.0,16.62,16.95,658284.0,0.004533311746134583,0.0065320665083135054,-0.00020558838591129037,67.94910571370175,0.02055883859113372,13533.55450312587,none,False,0.0
2025-07-03 04:00:00,17.03,17.41,16.95,17.06,646195.0,0.007881376420340036,0.006489675516224258,-0.0038925368753582427,67.68461131406355,0.3892536875358399,251533.78661722207,none,False,0.0
2025-07-07 04:00:00,17.04,17.1398,16.52,16.77,900462.0,-0.007451946141299293,-0.016998827667057403,-0.010689852420608815,66.96107280796994,1.0689852420608714,962580.5890366164,none,False,0.0
2025-07-08 04:00:00,16.98,17.29,16.87,17.06,962754.0,-0.0005477862988978455,0.017292784734645128,0.01608619204405808,68.03822148463509,1.6086192044057812,1548704.5735184834,none,False,0.0
2025-07-09 04:00:00,17.0,17.24,16.59,17.07,801753.0,0.0059967114808006095,0.0005861664712778492,-0.0077444816872942225,67.51130072431127,0.7744481687294136,620916.1426233135,none,False,0.0
2025-07-10 04:00:00,17.1,17.55,16.875,17.28,844903.0,0.0028202416434319755,0.012302284710017597,0.0074294033771893616,68.0128694099109,0.7429403377189336,627712.5201597402,none,False,0.0
