GMAB,open,high,low,close,volume,market_return,stock_return,residual_return,residual_price,residual_gap_pct,volume_gap_product,earnings_classification,is_earnings_date,event_strength
2024-02-26 05:00:00,29.28,29.46,29.14,29.4,893513.0,,,,100.0,,,none,False,0.0
2024-02-27 05:00:00,28.93,29.25,28.85,29.05,435996.0,0.0018577442241940467,-0.011904761904761862,-0.011856750966993249,98.81432490330067,1.1856750966993235,516949.5994605182,none,False,0.0
2024-02-28 05:00:00,28.32,28.34,27.51,27.67,1753279.0,-0.0013216814944864153,-0.04750430292598962,-0.0458450341562249,94.28417880298456,4.584503415622487,8037913.564039179,surprising_negative,True,0.8299999999999983
2024-02-29 05:00:00,28.19,28.26,27.755,27.77,893184.0,0.0035949907162327044,0.003614022406938755,0.0027816378695249026,94.54644324523998,0.27816378695249,248451.44388537284,none,False,0.0
2024-03-01 05:00:00,28.69,29.48,28.58,29.29,551864.0,0.00938828530940028,0.05473532589124952,0.05096703653572406,99.36519527244289,5.096703653572399,2812687.2650750782,none,False,0.0
2024-03-04 05:00:00,28.49,28.81,28.39,28.51,553591.0,-0.0010724383347958666,-0.02663024923181967,-0.025097291006365933,96.87139805078601,2.509729100636593,1389363.442550512,none,False,0.0
2024-03-05 05:00:00,28.84,28.9,28.5,28.75,618549.0,-0.009994144056217014,0.008418098912662098,0.014472366799148042,98.27335645572325,1.4472366799147762,895186.8011246049,none,False,0.0
2024-03-06 05:00:00,28.92,29.19,28.86,28.86,479237.0,0.005067234512401875,0.003826086956521646,0.0022476040488116156,98.49423604958344,0.22476040488115245,107713.50215402886,none,False,0.0
2024-03-07 05:00:00,29.24,29.52,29.22,29.41,254755.0,0.0099264345267287,0.019057519057519068,0.015016508393831438,99.97327557196601,1.5016508393831396,382553.05958705174,none,False,0.0
2024-03-08 05:00:00,29.86,30.31,29.84,30.3,492561.0,-0.006002214409199347,0.030261815708942486,0.03429306797007704,103.4016659063467,3.429306797007703,1689142.7852409112,none,False,0.0
2024-03-11 04:00:00,30.97,31.81,30.96,31.68,1217447.0,-0.0008598452278590907,0.045544554455445585,0.0469697755173708,108.25841894208999,4.696977551737103,5718321.22942968,none,False,0.0
2024-03-12 04:00:00,31.18,31.48,31.05,31.43,930159.0,0.01075731497418242,-0.007891414141414144,-0.012353495384152082,106.92104906339328,1.235349538415198,1149071.4913027422,none,False,0.0
2024-03-13 04:00:00,31.72,31.88,31.27,31.34,368541.0,-0.0015673981191220987,-0.002863506204263455,-0.0010797140548299737,106.80560490396236,0.10797140548300943,39791.889748113776,none,False,0.0
2024-03-14 04:00:00,31.26,31.26,30.11,30.3,631143.0,-0.0019768591197162344,-0.03318442884492656,-0.031193131534976836,103.47400362152031,3.1193131534976715,1968732.661637981,none,False,0.0
2024-03-15 04:00:00,30.12,30.22,29.685,29.94,1007301.0,-0.009942712884746241,-0.011881188118811892,-0.00585298433483167,102.86837189926123,0.5852984334831723,589571.697346033,none,False,0.0
2024-03-18 04:00:00,29.97,30.01,29.67,29.69,411189.0,0.005943157523095932,-0.008350033400133627,-0.01037241339369605,101.80137862078563,1.03724133936961,426502.2290940506,none,False,0.0
2024-03-19 04:00:00,29.5,29.68,29.36,29.64,326680.0,0.005557072105447869,-0.0016840687100033724,-0.0035107897361774617,101.44397538559504,0.35107897361776885,114690.47910145273,none,False,0.0
2024-03-20 04:00:00,29.56,29.57,29.27,29.44,286676.0,0.009249384343914091,-0.006747638326585648,-0.010445535954700557,100.38433869331705,1.0445535954700547,299448.4465349734,none,False,0.0
2024-03-21 04:00:00,29.79,29.93,29.49,29.56,369800.0,0.0033046418690441115,0.0040760869565217295,0.0033908443546137074,100.72472636146692,0.3390844354613787,125393.42423361783,none,False,0.0
2024-03-22 04:00:00,29.9,30.265,29.83,29.92,358837.0,-0.001895825354270464,0.012178619756427755,0.014128851068683777,102.14785101916199,1.4128851068683446,506995.4530933162,none,False,0.0
2024-03-25 04:00:00,29.93,30.1,29.89,29.98,332671.0,-0.0027628019416359173,0.00200534759358284,0.004394942155730919,102.59678491572343,0.43949421557309964,146206.98018891862,none,False,0.0
2024-03-26 04:00:00,30.92,31.02,30.67,30.83,538488.0,-0.001846970775535417,0.028352234823215472,0.03027770778928551,105.70318038952189,3.0277707789285513,1630418.2312036778,none,False,0.0
2024-03-27 04:00:00,30.5,30.63,30.11,30.63,319427.0,0.008403847265858522,-0.006487187804086858,-0.009756587219063593,104.67187809071912,0.9756587219063473,311651.7385623788,none,False,0.0
2024-03-28 04:00:00,30.47,30.56,29.84,29.91,361406.0,-0.00019114245847418054,-0.02350636630754155,-0.02242002800929231,102.32513165213997,2.2420028009292214,810273.2642726263,none,False,0.0
2024-04-01 04:00:00,29.91,30.34,29.7,30.27,362347.0,-0.001739728908176863,0.012036108324974926,0.013907233646536673,103.74819116593889,1.3907233646536454,503924.4390121545,none,False,0.0
2024-04-02 04:00:00,29.9,30.31,29.75,29.96,281668.0,-0.006358204381798571,-0.010241162867525522,-0.006029503299469945,103.12264110498984,0.6029503299469829,169831.81353550678,none,False,0.0
2024-04-03 04:00:00,29.35,29.68,29.17,29.3,782247.0,0.0010986045794463273,-0.02202937249666226,-0.02159664752359102,100.89553777334359,2.159664752359103,1689391.2735386512,none,False,0.0
2024-04-04 04:00:00,30.32,30.4999,29.63,29.65,517564.0,-0.012206156985810623,0.011945392491467421,0.019120656266092415,102.82472666989024,1.9120656266092384,989616.3339703839,none,False,0.0
2024-04-05 04:00:00,29.79,29.89,29.6,29.76,237451.0,0.010446917574599812,0.003709949409780977,-0.0005948297647972237,102.76356346190984,0.05948297647973,14124.292248088368,none,False,0.0
2024-04-08 04:00:00,29.82,29.94,29.67,29.86,222159.0,0.00055938120864929,0.0033602150537632713,0.0040662056905948945,103.18142124844447,0.4066205690594904,90334.41900168733,none,False,0.0
2024-04-09 04:00:00,29.72,30.0,29.63,29.97,385110.0,0.001156693399136488,0.003683858004018825,0.004087144935771069,103.60313867176572,0.4087144935771114,157400.0386214814,none,False,0.0
2024-04-10 04:00:00,29.57,30.13,29.54,29.95,375459.0,-0.010013094046060322,-0.000667334000667319,0.005396537292928243,104.16223687327233,0.5396537292928327,202617.84954655767,none,False,0.0
2024-04-11 04:00:00,30.03,30.11,29.42,29.74,327641.0,0.007546876215669407,-0.007011686143572615,-0.009846792878491328,103.13657290102087,0.9846792878491328,322621.30655017775,none,False,0.0
2024-04-12 04:00:00,29.76,29.79,29.15,29.26,413219.0,-0.013803088803088781,-0.016139878950907738,-0.008155327862968475,102.29546033435011,0.8155327862968353,336993.642420792,none,False,0.0
2024-04-15 04:00:00,29.36,29.67,29.26,29.51,544079.0,-0.01252813937555064,0.008544087491455965,0.015882524333526844,103.92017047231974,1.588252433352677,864134.7956860912,none,False,0.0
2024-04-16 04:00:00,29.06,29.6142,28.77,29.43,342404.0,-0.0018237684606997595,-0.002710945442223056,-0.0007972308610964829,103.8373221053288,0.07972308610965095,27297.503576288924,none,False,0.0
2024-04-17 04:00:00,28.78,28.84,28.4402,28.53,358638.0,-0.005918217385259994,-0.030581039755351647,-0.026592355201300627,101.07604315275202,2.6592355201300655,953702.9084684064,none,False,0.0
2024-04-18 04:00:00,28.46,28.62,28.29,28.33,243953.0,-0.002057736489861184,-0.007010164738871505,-0.004977880688671285,100.57289866945463,0.4977880688671332,121436.89276434375,none,False,0.0
2024-04-19 04:00:00,28.47,28.81,28.45,28.7,361029.0,-0.008728379244074214,0.013060360042357999,0.018473168229047404,102.43079874585838,1.8473168229047099,666934.9452564645,none,False,0.0
2024-04-22 04:00:00,28.85,29.21,28.72,28.97,452366.0,0.00920914451894328,0.009407665505226426,0.00573016046963583,103.01774365970513,0.5730160469635814,259212.97710072747,none,False,0.0
2024-04-23 04:00:00,28.76,29.04,28.54,28.56,560041.0,0.01186664532137982,-0.014152571625819843,-0.019176835277692532,101.0421893588634,1.917683527769265,1073981.4005754269,none,False,0.0
2024-04-24 04:00:00,28.75,28.76,28.09,28.47,456129.0,-0.0004746366063481666,-0.0031512605042016695,-0.001921254070099083,100.84806164130595,0.1921254070099243,87633.96977402977,none,False,0.0
2024-04-25 04:00:00,27.66,27.8,27.43,27.46,436367.0,-0.003798895945865799,-0.035475939585528526,-0.03256127706246188,97.56431996499116,3.2561277062461813,1420866.6787915274,none,False,0.0
2024-04-26 04:00:00,28.09,28.18,27.905,28.15,339610.0,0.0094738723708514,0.025127458120903112,0.021315795264851944,99.64398103451941,2.1315795264851944,723905.7229896369,none,False,0.0
2024-04-29 04:00:00,28.01,28.65,28.01,28.57,593112.0,0.0035414945106835294,0.01492007104795734,0.014114797123528323,101.05043561140235,1.4114797123528255,837165.555153009,none,False,0.0
2024-04-30 04:00:00,27.94,28.4,27.66,27.69,933126.0,-0.015841273575657788,-0.030801540077003864,-0.021784085103761706,98.84914432227137,2.178408510376162,2032729.6196532664,none,False,0.0
2024-05-01 04:00:00,28.05,29.0,27.97,28.75,876260.0,-0.003247141320371294,0.0382809678584326,0.040916014173941785,102.89365731244344,4.091601417394175,3585306.6580058197,none,False,0.0
2024-05-02 04:00:00,28.27,28.27,27.416,27.72,667530.0,0.009353452583191757,-0.035826086956521785,-0.03957672390941883,98.82146344495851,3.95767239094188,2641865.051125433,none,False,0.0
2024-05-03 04:00:00,29.73,29.92,29.46,29.72,721270.0,0.01239530324931204,0.07215007215007208,0.06685789715124672,105.42845868429724,6.685789715124679,4822259.547827978,none,False,0.0
2024-05-06 04:00:00,29.15,29.29,28.89,29.03,406782.0,0.010326820395470282,-0.023216689098250254,-0.02746060586005493,102.53332933393466,2.7460605860055054,1117048.0172964914,none,False,0.0
2024-05-07 04:00:00,28.96,29.355,28.89,29.29,676857.0,0.0011034322550669273,0.008956252152945154,0.009386530574078306,103.49576156458969,0.9386530574078344,635333.8924778946,none,False,0.0
2024-05-08 04:00:00,29.22,29.25,28.74,28.8,592927.0,9.668561704767598e-05,-0.01672925913280976,-0.01578878530254546,101.86168920552294,1.5788785302545572,936159.7103082438,none,False,0.0
2024-05-09 04:00:00,28.66,28.95,28.66,28.81,330417.0,0.005761905682631019,0.00034722222222205446,-0.0015833036211405625,101.70041122414834,0.15833036211405638,52315.043258640166,none,False,0.0
2024-05-10 04:00:00,28.9,28.925,28.712,28.84,259973.0,0.0012880404483150976,0.0010413051023949738,0.0013780284530403612,101.84055728450114,0.13780284530406917,35825.01910223477,none,False,0.0
2024-05-13 04:00:00,28.75,29.52,28.69,29.16,688696.0,0.00013439827970196383,0.01109570041608876,0.012017062359979954,103.06438161216411,1.2017062359980013,827610.2779068795,none,False,0.0
2024-05-14 04:00:00,29.35,29.53,29.24,29.53,652226.0,0.004588124628054802,0.012688614540466325,0.011352933201921859,104.23446465210439,1.1352933201921767,740467.8210556626,none,False,0.0
2024-05-15 04:00:00,29.84,30.41,29.73,30.22,514415.0,0.012382954328301166,0.023366068405011875,0.018080151547579346,106.11903956949524,1.8080151547579248,930070.115834798,none,False,0.0
2024-05-16 04:00:00,29.71,29.83,29.5,29.65,587476.0,-0.002057457812676855,-0.01886168100595631,-0.01682953818276863,104.33310514114169,1.6829538182768666,988694.9773460205,none,False,0.0
2024-05-17 04:00:00,29.65,30.0,29.52,29.98,375160.0,0.0014375153681740471,0.011129848229342487,0.011390821222338482,105.52154488937589,1.1390821222338587,427338.0489772544,none,False,0.0
2024-05-20 04:00:00,29.83,30.01,29.63,29.69,247020.0,0.0011521390121822517,-0.009673115410273492,-0.00926752042282212,104.54362181706584,0.9267520422822306,228926.28948455662,none,False,0.0
2024-05-21 04:00:00,29.44,29.44,29.13,29.15,335499.0,0.0024525525412217863,-0.018187942068036422,-0.01844136593143848,102.61569463133941,1.8441365931438525,618705.9828631694,none,False,0.0
2024-05-22 04:00:00,29.66,30.06,29.66,29.81,383745.0,-0.002879403794037838,0.02264150943396226,0.025090195059884527,105.19034242584526,2.5090195059884524,962823.6903255386,none,False,0.0
2024-05-23 04:00:00,29.96,29.96,29.125,29.34,364201.0,-0.007304229658569694,-0.01576652130157663,-0.011075438475569813,104.02531326008369,1.1075438475569799,403368.57682409964,none,False,0.0
2024-05-24 04:00:00,27.91,28.17,27.81,28.0,594512.0,0.006616472735569312,-0.045671438309475065,-0.0480350385438897,99.02845332809537,4.80350385438898,2855740.683480501,none,False,0.0
2024-05-28 04:00:00,28.51,28.53,27.9,28.01,587753.0,0.0006988516168024983,0.0003571428571429447,0.0009924531864749435,99.12673443215252,0.09924531864748953,58331.73377101791,none,False,0.0
2024-05-29 04:00:00,27.98,28.08,27.77,27.99,404485.0,-0.007002510333893097,-0.000714030703320323,0.003824147897846952,99.50580972525167,0.3824147897846908,154681.04624606066,none,False,0.0
2024-05-30 04:00:00,28.05,28.16,27.94,27.99,251301.0,-0.006633719825128281,0.0,0.004351284284963609,99.93878779137172,0.43512842849635636,109348.20920956285,none,False,0.0
2024-05-31 04:00:00,28.13,28.42,27.98,28.2,479399.0,0.00910813034576452,0.007502679528403,0.0038763660890559033,100.32618711934755,0.3876366089055949,185832.6026727333,none,False,0.0
2024-06-03 04:00:00,28.44,28.89,28.36,28.83,507872.0,0.0008153668202588449,0.022340425531914843,0.022916688709110962,102.62533111893366,2.291668870911101,1163874.4528073627,none,False,0.0
2024-06-04 04:00:00,28.46,28.54,28.29,28.5,234502.0,0.001117847669571903,-0.01144640998959412,-0.011023436959930296,101.49404725085213,1.1023436959930133,258501.80139775362,none,False,0.0
2024-06-05 04:00:00,28.73,28.96,28.46,28.74,203670.0,0.011885160582145726,0.008421052631578885,0.003387405883021397,101.83784878360133,0.3387405883021444,68991.29561949775,none,False,0.0
2024-06-06 04:00:00,28.36,28.56,28.27,28.55,559211.0,-1.8703125292174327e-05,-0.006610995128740305,-0.005612045010218383,101.26633019248395,0.5612045010218392,313831.7302209237,none,False,0.0
2024-06-07 04:00:00,27.9,28.11,27.75,27.77,291606.0,-0.001215725881868801,-0.02732049036777584,-0.025714917399007834,98.66227487628356,2.5714917399007886,749862.4203055094,none,False,0.0
2024-06-10 04:00:00,27.73,27.92,27.56,27.92,508576.0,0.0030898297784685003,0.005401512423478749,0.00482513151357813,99.13833332799042,0.4825131513578107,245394.60846494994,none,False,0.0
2024-06-11 04:00:00,27.41,27.462,27.16,27.32,480960.0,0.0024082440353956347,-0.02148997134670494,-0.021720940706258404,96.98495546805587,2.1720940706258296,1044690.364208199,none,False,0.0
2024-06-12 04:00:00,27.0,27.05,26.73,26.77,631425.0,0.008213055219294052,-0.020131771595900516,-0.02330448210963846,94.72477130844648,2.3304482109638536,1471503.2616078511,none,False,0.0
2024-06-13 04:00:00,26.59,26.62,26.34,26.41,480987.0,0.002013447613418151,-0.013447889428464643,-0.013478785289455838,93.44799645438712,1.3478785289455786,648312.050001947,none,False,0.0
2024-06-14 04:00:00,26.4,26.48,26.15,26.19,356594.0,0.0006083510000920445,-0.008330177962892815,-0.007649004059325242,92.73321235017171,0.7649004059325226,272758.89535310195,none,False,0.0
2024-06-17 04:00:00,25.96,25.96,25.73,25.78,432105.0,0.007959025756291815,-0.01565483008781976,-0.018698804471817272,90.99921214439235,1.8698804471817265,807984.6906294599,none,False,0.0
2024-06-18 04:00:00,26.0,26.12,25.38,25.8,2119743.0,0.002540668981904526,0.0007757951900697613,0.00047771599651059266,91.04268392370358,0.047771599651058594,101263.5139591339,none,False,0.0
2024-06-20 04:00:00,25.69,25.945,25.54,25.88,508842.0,-0.002716549071086094,0.0031007751937983663,0.005466929893996586,91.54040789407576,0.5466929893996664,278180.35411210504,none,False,0.0
2024-06-21 04:00:00,26.03,26.05,25.77,26.03,579704.0,-0.004552102376599643,0.005795981452859422,0.009092351198554125,92.37272543150759,0.9092351198554116,527087.2359206615,none,False,0.0
2024-06-24 04:00:00,26.17,26.27,25.765,25.82,751680.0,-0.0032506290058951226,-0.008067614291202507,-0.0054308004990755235,91.8710675881332,0.5430800499075406,408222.41191450006,none,False,0.0
2024-06-25 04:00:00,25.83,25.91,25.665,25.78,522600.0,0.0038508309687881326,-0.0015491866769945517,-0.002511225009509765,91.64035866555552,0.2511225009509732,131236.6189969786,none,False,0.0
2024-06-26 04:00:00,25.6,25.77,25.53,25.67,379400.0,0.0012480957362845935,-0.00426687354538402,-0.003909907158479654,91.28205337120343,0.39099071584796086,148341.87759271634,none,False,0.0
2024-06-27 04:00:00,25.72,25.77,25.53,25.58,413347.0,0.0015765063885171404,-0.0035060381768602378,-0.003315502548948489,90.97940749057794,0.33155025489486345,137045.3032100271,none,False,0.0
2024-06-28 04:00:00,25.0,25.24,24.94,25.13,568921.0,-0.003935062320405525,-0.017591868647380715,-0.01460820022298334,89.6503620897872,1.4608200222983259,831091.1879059859,none,False,0.0
2024-07-01 04:00:00,24.97,25.3,24.8,24.85,555684.0,0.002057991253537228,-0.01114206128133699,-0.011195530806680773,88.6466786991809,1.1195530806680787,622117.7340779606,none,False,0.0
2024-07-02 04:00:00,24.7,24.915,24.53,24.9,750163.0,0.006729746580115048,0.002012072434607548,-0.00040893230783263035,88.61042820827873,0.040893230783267676,30676.58868406843,none,False,0.0
2024-07-03 04:00:00,25.1,25.27,25.08,25.15,236621.0,0.004462578095116854,0.010040160642570184,0.008768103320554142,89.38737359808748,0.8768103320554221,207471.73758128606,none,False,0.0
2024-07-05 04:00:00,25.55,25.59,25.31,25.54,332614.0,0.005766510717005735,0.015506958250496972,0.013574098684519205,90.60072662845789,1.3574098684518976,451493.52598525945,none,False,0.0
2024-07-08 04:00:00,25.71,25.72,25.375,25.48,401448.0,0.001153901629886045,-0.002349256068911454,-0.001944554334465921,90.42454859278676,0.19445543344659422,78063.74484626835,none,False,0.0
2024-07-09 04:00:00,25.59,25.71,25.5,25.64,364857.0,0.000972482351246251,0.006279434850863463,0.006776075589219667,91.03727216917255,0.6776075589219666,247229.86112559194,none,False,0.0
2024-07-10 04:00:00,25.63,25.73,25.5203,25.71,245146.0,0.009895289842035249,0.002730109204368114,-0.00129511806899134,90.91936815303458,0.12951180689912967,31749.30141409404,none,False,0.0
2024-07-11 04:00:00,26.12,26.3029,26.09,26.24,393298.0,-0.00862253260172452,0.0206145468689225,0.025973714478172275,93.28088186197732,2.5973714478172205,1021540.9956836172,none,False,0.0
2024-07-12 04:00:00,26.74,27.135,26.71,27.05,558311.0,0.006307504312823342,0.030868902439024515,0.028661880101072124,95.9544873136276,2.866188010107229,1600224.294110977,none,False,0.0
2024-07-15 04:00:00,26.53,26.66,26.375,26.54,999080.0,0.002750049108019681,-0.01885397412199641,-0.01925816221631876,94.10658023155806,1.9258162216318708,1924044.4707079695,none,False,0.0
2024-07-16 04:00:00,26.31,27.0,26.31,27.0,525265.0,0.005930226345876477,0.017332328560663246,0.01531650178218283,95.54796383538985,1.53165017821828,804522.2308618249,none,False,0.0
2024-07-17 04:00:00,26.67,27.0,26.67,26.83,661659.0,-0.014021173388096053,-0.006296296296296355,0.001798774906507053,95.7198331151048,0.179877490650715,119017.56058646145,none,False,0.0
2024-07-18 04:00:00,27.19,27.28,27.05,27.24,858062.0,-0.007684849355406476,0.015281401416324947,0.02016537331155486,97.65005928319061,2.016537331155477,1730314.0554459307,none,False,0.0
2024-07-19 04:00:00,27.11,27.87,27.1,27.75,2347424.0,-0.006640610863822172,0.018722466960352513,0.02307724346090741,99.90355347524084,2.307724346090745,5417207.515397721,none,False,0.0
2024-07-22 04:00:00,27.56,27.82,27.42,27.8,872315.0,0.010309841709320589,0.0018018018018017834,-0.0024335105630280025,99.66043712257482,0.24335105630278742,212278.776678766,none,False,0.0
2024-07-23 04:00:00,27.7,28.08,27.62,27.94,900695.0,-0.0015685567474984508,0.005035971223021685,0.006820350537940682,100.34015623851518,0.6820350537940723,614305.5627770519,none,False,0.0
2024-07-24 04:00:00,27.83,28.03,27.72,27.88,938140.0,-0.0226624291234786,-0.0021474588403722628,0.010326796596901909,101.37634862249168,1.0326796596901833,968798.0959417486,none,False,0.0
2024-07-25 04:00:00,27.73,28.33,27.73,28.13,740898.0,-0.005210354193226685,0.00896700143472029,0.01259695764816432,102.65338219261476,1.2596957648164375,933306.0727609689,none,False,0.0
2024-07-26 04:00:00,28.18,28.47,28.14,28.38,692108.0,0.01119964339443924,0.00888730892285805,0.004201066087897396,103.08463583535212,0.4201066087897276,290759.1447962408,none,False,0.0
2024-07-29 04:00:00,28.34,28.56,28.166,28.48,937524.0,0.0005877599000807532,0.0035236081747709314,0.004215217161305745,103.51915996139225,0.42152171613056844,395186.72539359506,none,False,0.0
2024-07-30 04:00:00,28.48,28.49,28.11,28.21,651834.0,-0.005066451281298123,-0.009480337078651702,-0.005923307460891173,102.90598414884775,0.5923307460891092,386101.3195462484,none,False,0.0
2024-07-31 04:00:00,28.44,28.56,28.26,28.29,702013.0,0.01625461254612537,0.0028358738036156073,-0.004412107960579497,102.45195183699336,0.4412107960579448,309735.714573026,none,False,0.0
2024-08-01 04:00:00,28.33,28.54,28.3,28.35,527183.0,-0.014160962945480193,0.0021208907741252503,0.010286804021717787,103.50585498718299,1.0286804021717888,542302.8204581301,none,False,0.0
2024-08-02 04:00:00,28.43,28.43,27.95,28.24,550025.0,-0.018618441649325135,-0.0038800705467373353,0.006544787588395065,104.18327882222933,0.6544787588395051,359979.6793306988,none,False,0.0
2024-08-05 04:00:00,26.3,26.58,26.045,26.07,885760.0,-0.029123662976168085,-0.07684135977337103,-0.061092703683067934,97.81844064041243,6.109270368306785,5411347.321431418,none,False,0.0
2024-08-06 04:00:00,26.38,26.62,26.2399,26.47,1117199.0,0.009219529166183404,0.015343306482547003,0.011660538753099508,98.95905635826772,1.166053875309947,1302714.2234423975,none,False,0.0
2024-08-07 04:00:00,26.84,26.89,26.405,26.46,809237.0,-0.006683903092980947,-0.0003777861730259735,0.003998929806374681,99.3547866783495,0.3998929806374507,323608.1959721087,none,False,0.0
2024-08-08 04:00:00,26.52,27.39,26.35,27.07,967679.0,0.02311726371804257,0.023053665910808707,0.012327854680731967,100.57961805035531,1.2327854680731942,1192940.6089596006,none,False,0.0
2024-08-09 04:00:00,26.59,26.61,26.3316,26.43,482367.0,0.004409686233864285,-0.02364240857037314,-0.024887661546814654,98.07642655781018,2.4887661546814654,1200498.6637352344,none,False,0.0
2024-08-12 04:00:00,26.85,26.86,26.495,26.51,637209.0,0.0005253381864573914,0.003026863412788572,0.0037501062489117953,98.44422357791557,0.3750106248911811,238960.1452762846,none,False,0.0
2024-08-13 04:00:00,26.15,26.64,26.06,26.57,456936.0,0.016445702927222472,0.0022632968691058686,-0.005081524985220233,97.94397679615379,0.5081524985220076,232193.17006465208,none,False,0.0
2024-08-14 04:00:00,26.94,26.97,26.715,26.8,398893.0,0.0031547487270313646,0.008656379375235224,0.008047099076082549,98.73214168133796,0.8047099076082587,320993.1491755811,none,False,0.0
2024-08-15 04:00:00,27.18,27.27,27.07,27.21,278565.0,0.01714022988505759,0.015298507462686572,0.007601715756141782,99.48267535839463,0.760171575614188,211757.1949609663,none,False,0.0
2024-08-16 04:00:00,27.01,27.03,26.86,26.95,445132.0,0.0022420308460049387,-0.009555310547592843,-0.009702046989983532,98.51748976737821,0.9702046989983559,431869.1580745362,none,False,0.0
2024-08-19 04:00:00,27.13,27.75,27.13,27.75,581574.0,0.009561436741173823,0.029684601113172615,0.02582856270317884,101.06205492919472,2.5828562703178903,1502122.0525538567,none,False,0.0
2024-08-20 04:00:00,26.81,27.25,26.76,27.19,606448.0,-0.0016261324851235548,-0.020180180180180085,-0.018366622841809763,99.20588628269192,1.8366622841809899,1113840.1689169928,none,False,0.0
2024-08-21 04:00:00,27.62,27.7,27.36,27.49,424553.0,0.003436549131913269,0.011033468186833373,0.010281378100756635,100.22585950938495,1.0281378100756688,436498.99168105546,none,False,0.0
2024-08-22 04:00:00,27.38,27.4,26.95,27.02,395070.0,-0.007848453497912966,-0.017097126227719084,-0.012130243618641769,99.01009541664834,1.213024361864179,479229.5346416812,none,False,0.0
2024-08-23 04:00:00,27.0,27.4,26.86,27.34,384208.0,0.010625292150587828,0.011843079200592133,0.007447904005468135,99.74751310288379,0.7447904005468242,286154.4302132942,none,False,0.0
2024-08-26 04:00:00,27.42,27.63,27.3201,27.36,306646.0,-0.0023837902264601807,0.000731528895391298,0.002929049275429335,100.03967848386365,0.2929049275429252,89818.12441132784,none,False,0.0
2024-08-27 04:00:00,27.79,27.94,27.73,27.89,437839.0,0.0013730630004100686,0.019371345029239873,0.019664980959363237,102.00695685642967,1.966498095936342,861009.5598266721,none,False,0.0
2024-08-28 04:00:00,27.77,27.86,27.64,27.7,390488.0,-0.005805256784671253,-0.006812477590534272,-0.0028810387998725994,101.71307085586936,0.28810387998726705,112501.10788846793,none,False,0.0
2024-08-29 04:00:00,27.84,27.93,27.74,27.81,351050.0,8.955758552753323e-05,0.003971119133574064,0.00491520528179442,102.21301147896766,0.49152052817944547,172548.28141739432,none,False,0.0
2024-08-30 04:00:00,27.72,27.86,27.62,27.8,347187.0,0.0095459837019789,-0.00035958288385462556,-0.004207790058702797,101.7829205853964,0.4207790058702643,146089.00071107945,none,False,0.0
2024-09-03 04:00:00,27.73,27.805,27.38,27.41,577728.0,-0.02057905194436549,-0.014028776978417312,-0.002610327870294027,101.5172337910724,0.2610327870294138,150805.94998492918,none,False,0.0
2024-09-04 04:00:00,27.43,27.73,27.42,27.59,329055.0,-0.0020468048108969183,0.006566946369938043,0.00859369050352862,102.38964147904723,0.859369050352865,282779.682863862,none,False,0.0
2024-09-05 04:00:00,27.8,27.82,27.54,27.69,403372.0,-0.002432162628187684,0.0036245016310256783,0.005846536001334968,102.98826620411825,0.584653600133489,235832.89199304572,none,False,0.0
2024-09-06 04:00:00,27.82,27.91,27.46,27.52,370163.0,-0.01683011590036576,-0.006139400505597803,0.0033791763938254803,103.33628172211624,0.3379176393825789,125084.60714677356,none,False,0.0
2024-09-09 04:00:00,27.39,27.62,27.34,27.46,369343.0,0.011196239544007724,-0.0021802325581394832,-0.006864750402126297,102.62690394061012,0.6864750402126196,253544.75077724957,none,False,0.0
2024-09-10 04:00:00,27.62,27.62,27.375,27.5,398586.0,0.004355703592540339,0.0014566642388929019,0.0002387683895935639,102.65140800119296,0.023876838959324687,9516.97373344139,none,False,0.0
2024-09-11 04:00:00,27.15,27.18,26.6775,26.93,338331.0,0.010258933289600813,-0.020727272727272705,-0.0249367859078328,100.09161181672962,2.493678590783277,843688.7712982969,none,False,0.0
2024-09-12 04:00:00,26.66,26.71,26.28,26.49,363422.0,0.008423217055661958,-0.01633865577422955,-0.019617871341016824,98.12802745379403,1.961787134101678,712956.6038495,none,False,0.0
2024-09-13 04:00:00,26.55,26.9,26.55,26.9,506451.0,0.005222772719955637,0.015477538693846826,0.01382023269754467,99.48417962735651,1.382023269754451,699927.0669904115,none,False,0.0
2024-09-16 04:00:00,26.75,26.77,26.39,26.58,531897.0,0.0014768420490738343,-0.011895910780669205,-0.01165486762035774,98.3247046834798,1.1654867620357612,619918.9122665352,none,False,0.0
2024-09-17 04:00:00,26.54,26.59,26.36,26.43,321518.0,0.0004086418875701714,-0.005643340857787726,-0.004860959094643108,97.84675231602054,0.48609590946430137,156288.58461914325,none,False,0.0
2024-09-18 04:00:00,26.31,26.57,26.1,26.2,447014.0,-0.002965883460315899,-0.008702232311766922,-0.006209720834282766,97.23915129959684,0.6209720834282839,277583.2149016109,none,False,0.0
2024-09-19 04:00:00,26.28,26.53,26.18,26.48,531085.0,0.017064481653010333,0.010687022900763399,0.003028618608470466,97.53365160269468,0.3028618608470479,160845.39136795443,none,False,0.0
2024-09-20 04:00:00,25.92,25.935,25.53,25.53,618656.0,-0.004781253283827835,-0.035876132930513616,-0.03246363491932395,94.36735474471625,3.2463634919324025,2008382.2524649324,none,False,0.0
2024-09-23 04:00:00,24.47,24.47,24.05,24.14,1244496.0,0.002498900131984172,-0.05444575009792407,-0.05472266182524171,89.20332190367853,5.472266182524166,6810213.375086594,none,False,0.0
2024-09-24 04:00:00,24.17,24.18,23.85,24.01,640347.0,0.0028613056681938698,-0.005385252692626352,-0.00584582298291836,88.68185507434134,0.5845822982918358,374335.5209642822,none,False,0.0
2024-09-25 04:00:00,24.23,24.23,23.8,23.83,507851.0,-0.002205496236653226,-0.007496876301541167,-0.005389711102876423,88.20388549542348,0.538971110287656,273717.0173306964,none,False,0.0
2024-09-26 04:00:00,24.06,24.12,23.85,24.12,552217.0,0.003964634060767747,0.01216953420058764,0.011149823149952241,89.1873432198361,1.1149823149952276,615712.1890397196,none,False,0.0
2024-09-27 04:00:00,24.27,24.43,24.23,24.33,483996.0,-0.001450288310326675,0.008706467661691475,0.010430911327052334,90.1176484884576,1.0430911327052428,504851.9358648067,none,False,0.0
2024-09-30 04:00:00,24.3,24.4,24.17,24.38,545571.0,0.004007209477312923,0.002055076037813519,0.001013788772028366,90.2090087486568,0.10137887720282901,55309.37541442463,none,False,0.0
2024-10-01 04:00:00,24.27,24.31,23.95,24.15,717510.0,-0.008958449525934165,-0.009433962264150941,-0.0039045598946258224,89.85678227096284,0.3904559894625903,280156.0769993032,none,False,0.0
2024-10-02 04:00:00,23.39,23.74,23.24,23.69,1093193.0,0.0004220744961485057,-0.01904761904761898,-0.018272044613121423,88.21491513651628,1.8272044613121263,1997487.1266751874,none,False,0.0
2024-10-03 04:00:00,23.5,23.58,23.335,23.4,746021.0,-0.001828217839187074,-0.012241452089489346,-0.010325482668473582,87.30405355917333,1.032548266847344,770302.6905817224,none,False,0.0
2024-10-04 04:00:00,23.31,23.52,23.28,23.49,604712.0,0.009087386847944634,0.0038461538461538325,0.0002303527213825757,87.32416428549841,0.02303527213824985,13929.705485265344,none,False,0.0
2024-10-07 04:00:00,23.47,23.56,23.4,23.43,556007.0,-0.009040455164229244,-0.0025542784163473664,0.003016682473068453,87.58759356137381,0.30166824730681885,167729.65718032242,none,False,0.0
2024-10-08 04:00:00,23.57,23.68,23.48,23.59,637476.0,0.009457555477280666,0.006828851899274513,0.003025458059355793,87.85258615221365,0.30254580593558345,192865.69018459198,none,False,0.0
2024-10-09 04:00:00,23.54,23.66,23.43,23.65,1511383.0,0.0069263918209256925,0.0025434506146670977,2.2790710441158556e-05,87.85458837506614,0.00227907104410896,3444.5492318585325,none,False,0.0
2024-10-10 04:00:00,23.56,23.74,23.5,23.71,1104689.0,-0.0017500086634092415,0.0025369978858351683,0.004413332744462637,88.24231990669311,0.441333274446265,487536.0136147701,none,False,0.0
2024-10-11 04:00:00,23.54,23.75,23.45,23.53,2008331.0,0.0059882318226789355,-0.007591733445803439,-0.009636956029396553,87.39193254982037,0.9636956029396515,1935419.7539473933,none,False,0.0
2024-10-14 04:00:00,23.53,23.675,23.405,23.66,3333383.0,0.008178336036440248,0.0055248618784529135,0.0023697462262539633,87.59902925218535,0.2369746226253966,789927.1784909123,none,False,0.0
2024-10-15 04:00:00,23.59,23.625,23.155,23.18,1079518.0,-0.0077697152245346235,-0.020287404902789574,-0.015360424990263181,86.25347093413728,1.5360424990263133,1658185.5264638877,none,False,0.0
2024-10-16 04:00:00,22.83,22.85,22.52,22.6,1330865.0,0.00434647624961193,-0.025021570319240682,-0.026234789969163962,83.9906292400688,2.6234789969164063,3491496.375231153,none,False,0.0
2024-10-17 04:00:00,22.95,22.99,22.78,22.96,1047238.0,8.586639189434031e-05,0.015929203539823078,0.01687516029776265,85.40798457200492,1.6875160297762815,1767230.9119908535,none,False,0.0
2024-10-18 04:00:00,22.78,23.085,22.73,22.98,2087791.0,0.0038464840731518013,0.0008710801393727596,-8.87552891407164e-05,85.4004041616393,0.00887552891407628,18530.249387048232,none,False,0.0
2024-10-21 04:00:00,22.76,22.8,22.54,22.78,1591359.0,-0.00164217656819321,-0.00870322019147085,-0.0068815320908841675,84.8127185398265,0.6881532090884157,1095098.802661732,none,False,0.0
2024-10-22 04:00:00,22.43,22.79,22.39,22.77,1244804.0,-0.0005311584394221969,-0.0004389815627744431,0.0008196688008542288,84.88223687912922,0.08196688008541564,102032.70019784573,none,False,0.0
2024-10-23 04:00:00,22.84,22.98,22.67,22.73,1014965.0,-0.009137351710896358,-0.0017566974088712994,0.0038633683609615903,85.21016822749571,0.3863368360961683,392118.3668483475,none,False,0.0
2024-10-24 04:00:00,22.82,22.98,22.775,22.82,1034755.0,0.0021626671741725723,0.003959524857017227,0.00385300804833729,85.53848369147642,0.3853008048337214,398691.9343057174,none,False,0.0
2024-10-25 04:00:00,22.74,23.3,22.73,23.12,2491240.0,-0.00034528002209799347,0.013146362839614456,0.014310814413205988,86.76260905677219,1.431081441320603,3565167.329875539,none,False,0.0
2024-10-28 04:00:00,23.08,23.21,22.95,23.14,866155.0,0.0030913235700471553,0.0008650519031141446,0.0002879139749361885,86.78758922442155,0.028791397493610482,24937.812896078187,none,False,0.0
2024-10-29 04:00:00,23.05,23.15,22.87,23.12,1919449.0,0.0016183737065922355,-0.0008643042350907626,-0.0006949859747548057,86.72727306712778,0.06949859747549247,133399.01342573654,none,False,0.0
2024-10-30 04:00:00,22.69,22.82,22.555,22.57,882485.0,-0.003025250528559398,-0.023788927335640198,-0.021266330030672177,84.88290225542202,2.126633003067213,1876721.7257117697,none,False,0.0
2024-10-31 04:00:00,22.36,22.4,22.22,22.32,964928.0,-0.019603110291201875,-0.01107665042091277,-0.00015278548344396445,84.8699333801648,0.01527854834441067,14742.699096875498,none,False,0.0
2024-11-01 04:00:00,22.605,22.63,22.525,22.56,1113174.0,0.004220596510973618,0.010752688172043001,0.009603261399424235,85.68496153536623,0.9603261399424134,1069010.090504256,none,False,0.0
2024-11-04 05:00:00,22.69,22.89,22.65,22.78,1294385.0,-0.0021539646959932712,0.009751773049645474,0.011832823281070902,86.69885654305958,1.1832823281070937,1531622.8962669005,none,False,0.0
2024-11-05 05:00:00,22.56,22.84,22.18,22.75,1729706.0,0.012091749881539604,-0.0013169446883231073,-0.0064552860126019995,86.13919062710858,0.6455286012602035,1116574.6947713816,none,False,0.0
2024-11-06 05:00:00,22.2,22.755,21.9,22.33,1846730.0,0.024865614704352224,-0.01846153846153853,-0.030073372662121615,83.548694646566,3.0073372662121622,5553739.949631986,none,False,0.0
2024-11-07 05:00:00,22.64,23.19,22.64,23.11,1374743.0,0.007732133188955048,0.034930586654724705,0.03200159606292435,86.22238622423001,3.20015960629243,4399397.017633274,none,False,0.0
2024-11-08 05:00:00,22.85,23.18,22.795,23.08,1560527.0,0.004331693557865224,-0.0012981393336218838,-0.0025038674646476107,86.00649679663887,0.2503867464647702,390735.2783004285,none,False,0.0
2024-11-11 05:00:00,23.18,23.47,22.95,23.2,1654197.0,0.0009528745047560072,0.005199306759098743,0.005705884290769651,86.49723991561494,0.570588429076957,943865.6676138149,none,False,0.0
2024-11-12 05:00:00,22.9,22.94,22.405,22.47,1373718.0,-0.0031064199345314236,-0.03146551724137936,-0.02890178519930379,83.9973152672412,2.8901785199303642,3970290.2560417,none,False,0.0
2024-11-13 05:00:00,21.94,22.2,21.59,21.66,2583750.0,0.0004858435248786819,-0.03604806408544725,-0.0353048062880004,81.03180632301915,3.530480628800048,9121879.324662123,surprising_negative,True,0.6099999999999994
2024-11-14 05:00:00,21.75,21.82,21.17,21.18,2462424.0,-0.006430114368961348,-0.02216066481994461,-0.017912562969456074,79.5803189897293,1.7912562969456092,4410832.495749995,none,False,0.0
2024-11-15 05:00:00,21.01,21.01,20.5,20.59,1310575.0,-0.012808628971096359,-0.027856468366383336,-0.02037588602458868,77.95879948019416,2.037588602458884,2670412.682667552,none,False,0.0
2024-11-18 05:00:00,20.64,20.845,20.58,20.67,1298200.0,0.0040973111395645745,0.0038853812530355025,0.0027984325937081556,78.1769619256259,0.27984325937082666,363292.51931520714,none,False,0.0
2024-11-19 05:00:00,20.51,20.635,20.39,20.5,1084659.0,0.0036555300518574807,-0.00822447992259323,-0.009087544364901903,77.46652531581354,0.9087544364901778,985688.6783289998,none,False,0.0
2024-11-20 05:00:00,20.49,20.55,20.36,20.45,1199557.0,0.0003388107741826296,-0.0024390243902439046,-0.0016212538687767983,77.34093241194458,0.1621253868776873,194478.64270683794,none,False,0.0
2024-11-21 05:00:00,20.53,20.62,20.34,20.47,1513364.0,0.005368331922099845,0.0009779951100243878,-0.0007530768507083814,77.28268874613295,0.07530768507082453,113967.93950952329,none,False,0.0
2024-11-22 05:00:00,20.61,20.84,20.595,20.65,1077184.0,0.003099364967069196,0.008793356130923247,0.008212143012733514,77.91734523852477,0.8212143012733764,884598.9059028607,none,False,0.0
2024-11-25 05:00:00,20.91,20.98,20.68,20.79,2744812.0,0.0033920505113262944,0.006779661016949268,0.006050121780389953,78.38875466602254,0.6050121780389883,1660644.6864275516,none,False,0.0
2024-11-26 05:00:00,20.76,20.76,20.46,20.65,1157925.0,0.005221495155054878,-0.006734006734006814,-0.008390665290603071,77.73102086307274,0.8390665290603061,971576.110662155,none,False,0.0
2024-11-27 05:00:00,20.86,21.17,20.84,21.16,787442.0,-0.003030050778323412,0.024697336561743333,0.027222366519873326,79.84704320297124,2.722236651987342,2143603.4737142166,none,False,0.0
2024-11-29 05:00:00,21.5,21.67,21.455,21.5,575331.0,0.006212113621561821,0.016068052930056753,0.01390937234058164,80.95766545717588,1.390937234058165,800249.3098079182,none,False,0.0
2024-12-02 05:00:00,21.81,21.935,21.695,21.84,1026040.0,0.0017923823749066425,0.015813953488372112,0.015895088267015293,82.24449469550918,1.5895088267015245,1630899.6365488323,none,False,0.0
2024-12-03 05:00:00,21.83,21.84,21.56,21.7,1204459.0,0.0004638603117803619,-0.0064102564102563875,-0.005655858039822097,81.77933150895448,0.5655858039821937,681224.9118785891,none,False,0.0
2024-12-04 05:00:00,21.71,21.72,21.545,21.65,621209.0,0.0062095345332913165,-0.0023041474654378336,-0.004461521033915146,81.41447130128776,0.44615210339151723,277153.70199574105,none,False,0.0
2024-12-05 05:00:00,21.95,21.97,21.8,21.85,1066916.0,-0.0016456571108843798,0.009237875288683695,0.011061327246069357,82.31502341091702,1.1061327246069341,1180150.7020067316,none,False,0.0
2024-12-06 05:00:00,21.73,22.0159,21.72,21.81,1147821.0,0.0018956252266508766,-0.0018306636155607237,-0.0018018498747996762,82.16670409628992,0.18018498747998102,206820.1125142593,none,False,0.0
2024-12-09 05:00:00,21.98,22.33,21.9636,22.11,1237121.0,-0.0051496355769072855,0.01375515818431916,0.01735434363764831,83.5926533147499,1.7354343637648206,2146942.2955350988,none,False,0.0
2024-12-10 05:00:00,22.17,22.19,21.805,21.83,985509.0,-0.0031090824899120406,-0.012663952962460479,-0.010098871600227833,82.74846184220188,1.0098871600227821,995252.885186892,none,False,0.0
2024-12-11 05:00:00,21.75,21.78,21.5,21.55,636995.0,0.0077305905773059624,-0.012826385707741528,-0.015754594540406345,81.4447933770357,1.5754594540406397,1003559.7949266173,none,False,0.0
2024-12-12 05:00:00,20.98,21.145,20.65,20.65,958726.0,-0.005152602640503101,-0.04176334106728552,-0.03816265197623063,78.33664407211187,3.816265197623059,3658752.6678563645,none,False,0.0
2024-12-13 05:00:00,20.46,20.48,20.12,20.17,931207.0,-0.0001985670080916213,-0.023244552058111267,-0.022154451173540275,76.60113871591726,2.2154451173540313,2063038.0013958954,none,False,0.0
2024-12-16 05:00:00,19.94,20.37,19.85,20.02,2017427.0,0.0042700385627512105,-0.007436787307883108,-0.008611270144145238,75.94150561708535,0.86112701441452,1737260.889309242,none,False,0.0
2024-12-17 05:00:00,19.95,20.28,19.9,20.03,1075782.0,-0.004120041530018659,0.0004995004995005381,0.0035769120167132118,76.21314170109441,0.3576912016713285,384797.7563163851,none,False,0.0
2024-12-18 05:00:00,20.76,21.025,20.12,20.14,1368010.0,-0.0298035711330652,0.005491762356465202,0.021584979836078936,77.85820082795676,2.158497983607899,2952846.8265554416,none,False,0.0
2024-12-19 05:00:00,20.25,20.33,19.99,20.09,1281450.0,-0.00030702053626241455,-0.0024826216484608032,-0.001337559078310529,77.7540608846184,0.13375590783106794,171401.50809012202,none,False,0.0
2024-12-20 05:00:00,20.22,20.43,20.13,20.31,1829681.0,0.008616277085821356,0.010950721752115422,0.007573667923590479,78.34294432146915,0.757366792359071,1385739.6300103373,none,False,0.0
2024-12-23 05:00:00,20.71,20.855,20.5,20.76,1380277.0,0.0059883278355747915,0.022156573116691503,0.020111301876031325,79.91852292457531,2.011130187603105,2775916.741954251,none,False,0.0
2024-12-24 05:00:00,20.65,20.705,20.4,20.47,454756.0,0.011115034723973682,-0.013969171483622533,-0.01861253664349192,78.43103648814791,1.8612536643491828,846416.271384777,none,False,0.0
2024-12-26 05:00:00,20.45,20.61,20.41,20.58,751943.0,6.652253450867285e-05,0.005373717635564157,0.006329477403377668,78.92746396132314,0.6329477403377748,475940.6227128074,none,False,0.0
2024-12-27 05:00:00,20.87,21.12,20.81,21.02,950621.0,-0.010526490837130531,0.02137998056365409,0.027704029220624836,81.11407272921744,2.770402922062476,2633603.196173953,none,False,0.0
2024-12-30 05:00:00,20.82,20.88,20.69,20.77,901929.0,-0.01141157291474082,-0.0118934348239772,-0.005120847482447776,80.69869993409094,0.5120847482447788,461864.0848996651,none,False,0.0
2024-12-31 05:00:00,20.77,21.135,20.61,20.87,490651.0,-0.003638094590459273,0.004814636494944624,0.007647808690442968,81.31586815275433,0.7647808690443014,375240.49817745556,none,False,0.0
2025-01-02 05:00:00,21.13,21.2,20.87,21.0,1021286.0,-0.002457002457002533,0.006229036895064599,0.008463659503711463,82.00409797304795,0.8463659503711529,864381.6959907532,none,False,0.0
2025-01-03 05:00:00,21.15,21.56,21.12,21.47,839054.0,0.012503420908593466,0.02238095238095239,0.01703398590696511,83.40095462223422,1.7033985906965032,1429243.4011182638,none,False,0.0
2025-01-06 05:00:00,21.48,22.015,21.44,21.86,826155.0,0.005760621674127719,0.018164881229622676,0.01623500609143148,84.7549696285574,1.623500609143158,1341263.1457466658,none,False,0.0
2025-01-07 05:00:00,22.19,22.275,22.05,22.18,1050789.0,-0.011304084923407731,0.014638609332113361,0.021356724299319525,86.56505814791171,2.1356724299319563,2244141.0969757703,none,False,0.0
2025-01-08 05:00:00,22.15,22.21,21.83,22.19,602971.0,0.0014610196558109134,0.00045085662759247747,0.0006999182029642522,86.6256466078501,0.06999182029643336,42203.03787596072,none,False,0.0
2025-01-10 05:00:00,22.05,22.235,22.0,22.15,895112.0,-0.01526743456207913,-0.0018026137899955774,0.006924033129609378,87.22544545483669,0.692403312960943,619778.5142710956,none,False,0.0
2025-01-13 05:00:00,21.64,21.735,21.32,21.72,955011.0,0.0015504143051559005,-0.019413092550790045,-0.019209334071524392,85.5499027335572,1.9209334071524364,1834512.5340980554,none,False,0.0
2025-01-14 05:00:00,22.0,22.08,21.595,21.64,1003220.0,0.0013760126593165278,-0.0036832412523019054,-0.0033911001396189433,85.25979444645306,0.3391100139618852,340201.94820684247,none,False,0.0
2025-01-15 05:00:00,20.39,20.6093,19.89,20.23,1838334.0,0.01818993799275126,-0.06515711645101663,-0.0733858754244467,79.00292979249171,7.3385875424446745,13490774.991252488,surprising_negative,True,0.7193000000000005
2025-01-16 05:00:00,20.93,21.26,20.7,21.22,2663042.0,-0.0019231418064037387,0.04893722194760253,0.050901296592377215,83.02428135352609,5.090129659237719,13555229.067995733,surprising_positive,True,0.5600000000000023
2025-01-17 05:00:00,20.85,21.025,20.75,20.8,1120114.0,0.010039889121763235,-0.01979264844486328,-0.023891155216653477,81.04073536095788,2.3891155216653637,2676081.7434346774,none,False,0.0
2025-01-21 05:00:00,21.35,21.85,21.31,21.8,898955.0,0.009153586130727032,0.04807692307692313,0.04442757371976859,84.64117860551109,4.442757371976858,3993838.953325456,none,False,0.0
2025-01-22 05:00:00,21.52,21.52,20.96,20.97,926444.0,0.005621424425835464,-0.038073394495412916,-0.0399327277570679,81.26122546321986,3.99327277570678,3699543.603416892,none,False,0.0
2025-01-23 05:00:00,21.26,21.32,21.03,21.29,860581.0,0.005458083239891831,0.015259895088221231,0.013483339280240625,82.35689813646859,1.3483339280240703,1160350.5601128824,none,False,0.0
2025-01-24 05:00:00,21.09,21.3099,20.9501,21.13,583220.0,-0.002919229192291928,-0.007515265382808889,-0.005046397186030428,81.94129251746251,0.5046397186030505,294315.97668367106,none,False,0.0
2025-01-27 05:00:00,21.01,21.42,20.71,20.8,2448361.0,-0.014145434807638524,-0.015617605300520476,-0.007459561346293312,81.33004641913394,0.7459561346293331,1826369.9077372085,none,False,0.0
2025-01-28 05:00:00,19.26,19.59,19.02,19.58,5384020.0,0.00859235530640512,-0.05865384615384628,-0.06201877698977755,76.28605640769742,6.2018776989777535,33391033.568850204,negative_anticipated,True,0.5700000000000003
2025-01-29 05:00:00,19.5,19.86,19.34,19.85,5369344.0,-0.004482895520412922,0.013789581205311707,0.017050878551483593,77.58680069067668,1.7050878551483573,9155203.244513702,negative_anticipated,True,0.5199999999999996
2025-01-30 05:00:00,19.66,19.85,19.56,19.81,1281837.0,0.0053671424535983725,-0.002015113350126052,-0.003745582516326573,77.29619292651196,0.37455825163266177,480122.62559805624,none,False,0.0
2025-01-31 05:00:00,19.78,19.97,19.61,19.67,1321025.0,-0.005321962184318241,-0.007067137809187107,-0.0033806213028879715,77.03488377007245,0.3380621302888076,446588.5256647721,none,False,0.0
2025-02-03 05:00:00,19.1,19.37,19.0,19.11,1291015.0,-0.006729586919677066,-0.028469750889679846,-0.02406988342630924,75.18066309796754,2.4069883426309113,3107458.055161646,none,False,0.0
2025-02-04 05:00:00,19.19,19.43,19.13,19.21,1147379.0,0.006708265720929418,0.005232862375719627,0.0028227436251733605,75.39287883546363,0.28227436251733184,323875.6757907737,none,False,0.0
2025-02-05 05:00:00,19.3,19.625,19.3,19.47,1788721.0,0.004054637907541014,0.013534617386777636,0.012469294513173343,76.33297484585901,1.2469294513173246,2230408.8950897763,none,False,0.0
2025-02-06 05:00:00,19.31,19.47,19.1542,19.35,1866935.0,0.003475555261328589,-0.006163328197226425,-0.00693518566806923,75.80359149270693,0.6935185668069166,1294754.0855216708,none,False,0.0
2025-02-07 05:00:00,19.29,19.355,18.92,19.0,1245703.0,-0.009153582266789972,-0.01808785529715773,-0.012459564265087202,74.85911177297912,1.245956426508732,1552091.6583712068,none,False,0.0
2025-02-10 05:00:00,18.93,19.015,18.635,18.69,951256.0,0.006791284518201657,-0.016315789473684172,-0.01876798018915224,73.45415744624631,1.8767980189152267,1785315.3762812228,none,False,0.0
2025-02-11 05:00:00,19.05,19.13,18.87,18.89,1338236.0,0.0007605191369759456,0.010700909577314066,0.011304968264478283,74.28455436507012,1.1304968264478354,1512871.5510382454,none,False,0.0
2025-02-12 05:00:00,18.87,19.71,18.74,19.69,1617004.0,-0.003221489815135925,0.04235044997353099,0.04497249671227065,77.62531624202573,4.497249671227066,7272070.707372851,none,False,0.0
2025-02-13 05:00:00,20.11,20.98,20.03,20.92,1872721.0,0.010557544417926223,0.06246825799898437,0.05810741575405626,82.13592276594122,5.81074157540562,10881897.773835188,surprising_positive,True,0.9499999999999993
2025-02-14 05:00:00,21.08,21.31,21.005,21.3,2417859.0,-4.9202105850132405e-05,0.018164435946462776,0.01917884222771345,83.71119466989686,1.9178842227713488,4637173.62898571,none,False,0.0
2025-02-18 05:00:00,21.34,21.79,21.3,21.77,1833163.0,0.0029358701000492538,0.022065727699530413,0.02156736991695342,85.51662497153262,2.1567369916953405,3953650.4539072053,none,False,0.0
2025-02-19 05:00:00,21.45,22.06,21.45,21.97,1900121.0,0.0023549035961338838,0.009186954524575075,0.008983016839332367,86.28482225369477,0.8983016839332336,1706881.8939768998,none,False,0.0
2025-02-20 05:00:00,22.07,22.55,22.07,22.44,1030526.0,-0.00416034457442116,0.02139280837505697,0.024490644522908216,88.39799316323234,2.449064452290828,2523824.5937614576,none,False,0.0
2025-02-21 05:00:00,22.32,22.36,22.07,22.34,1056869.0,-0.01710409908581534,-0.004456327985739805,0.00520109711850145,88.85775971075493,0.5201097118501252,549687.83105333,none,False,0.0
2025-02-24 05:00:00,22.455,22.61,22.35,22.5,978049.0,-0.004550455045504553,0.0071620411817368,0.010457576098955009,89.78699649491281,1.0457576098954924,1022802.1846006764,none,False,0.0
2025-02-25 05:00:00,23.13,23.21,22.92,22.96,1052817.0,-0.00497312503139602,0.020444444444444487,0.02395417852383087,91.93777023807053,2.395417852383086,2521936.6370924036,none,False,0.0
2025-02-26 05:00:00,22.84,22.93,22.54,22.61,901994.0,0.0005048465266557223,-0.015243902439024404,-0.014510274913882643,90.60372791694674,1.4510274913882681,1308818.0910672694,none,False,0.0
2025-02-27 05:00:00,22.56,22.845,22.545,22.73,920707.0,-0.015961920139940133,0.005307386112339607,0.01438598191377008,91.90715150808009,1.4385981913770163,1324527.4249881585,none,False,0.0
2025-02-28 05:00:00,22.64,22.68,22.43,22.68,1026825.0,0.015605503803093779,-0.002199736031676225,-0.009118764821791199,91.06907180803717,0.9118764821791303,936337.5688135854,none,False,0.0
2025-03-03 05:00:00,23.25,23.31,22.83,22.96,774847.0,-0.017519943451479336,0.012345679012345734,0.022213844215696978,93.09206598204904,2.2213844215697165,1721233.0549000301,none,False,0.0
2025-03-04 05:00:00,23.11,23.455,23.04,23.33,811685.0,-0.011836853555338478,0.016114982578397052,0.02310309210021622,95.24278055623172,2.3103092100216216,1875243.3311363999,none,False,0.0
2025-03-05 05:00:00,23.98,24.11,23.86,24.1,604046.0,0.010747841764032762,0.033004714959280035,0.028547434515616626,97.96171759724601,2.85474345156167,1724396.3629420204,none,False,0.0
2025-03-06 05:00:00,23.76,23.91,23.625,23.71,874090.0,-0.017751174836208805,-0.016182572614107937,-0.006197224808420797,97.35462681067683,0.6197224808420887,541693.2232792613,none,False,0.0
2025-03-07 05:00:00,24.04,24.325,24.0,24.14,803348.0,0.005604930942361586,0.018135807676086024,0.016284832922154,98.94003064248737,1.6284832922154102,1308238.7958346654,none,False,0.0
2025-03-10 04:00:00,23.93,24.05,21.67,21.975,5894020.0,-0.026635643839421963,-0.0896851698425849,-0.0751973830648387,91.49999925781738,7.519738306483859,44321487.97318199,surprising_negative,True,2.379999999999999
2025-03-11 04:00:00,20.71,20.83,20.03,20.26,3925132.0,-0.00831281886617441,-0.0780432309442548,-0.07284101893838645,84.83504607901635,7.284101893838657,28591061.434766717,surprising_negative,True,0.7999999999999972
2025-03-12 04:00:00,20.2,20.36,20.07,20.21,1813091.0,0.005306518923586134,-0.0024679170779862147,-0.004167663671565663,84.48148213939723,0.41676636715657356,755635.3493942791,none,False,0.0
2025-03-13 04:00:00,19.79,20.26,19.75,19.96,1397976.0,-0.013330470413513096,-0.012370113805047045,-0.004625074550101714,84.09074898639943,0.46250745501016377,646574.3219252888,none,False,0.0
2025-03-14 04:00:00,20.96,21.07,20.425,20.51,953606.0,0.020655761488520552,0.027555110220440993,0.01807673016087112,85.61083476485211,1.807673016087108,1723807.8341787627,none,False,0.0
2025-03-17 04:00:00,20.24,20.85,20.2,20.8,1768667.0,0.007711305769265042,0.014139444173573823,0.011221008425970218,86.57147466310288,1.1221008425970291,1984622.7309735597,none,False,0.0
2025-03-18 04:00:00,20.47,20.59,20.04,20.2,1747545.0,-0.010808428105439472,-0.028846153846153966,-0.02237922604310809,84.63407206273209,2.237922604310816,3910870.4575503445,none,False,0.0
2025-03-19 04:00:00,20.16,20.345,20.04,20.25,1119381.0,0.010890877330576476,0.0024752475247524774,-0.0020545199644466912,84.46018967200678,0.20545199644468326,229979.061232246,none,False,0.0
2025-03-20 04:00:00,19.92,20.09,19.82,19.84,1190408.0,-0.002891753213548953,-0.020246913580246884,-0.01779196956030365,82.95747654830497,1.77919695603036,2117970.290034189,none,False,0.0
2025-03-21 04:00:00,19.77,19.94,19.63,19.76,1122333.0,-0.002670250579143718,-0.004032258064516014,-0.0016895663461114767,82.81731438777061,0.1689566346111615,189625.60659304872,none,False,0.0
2025-03-24 04:00:00,19.01,19.33,18.99,19.29,1357016.0,0.017908436469378453,-0.02378542510121473,-0.031871525753807695,80.1778002193996,3.1871525753807584,4325017.039232895,none,False,0.0
2025-03-25 04:00:00,19.67,19.68,18.995,19.06,1209218.0,0.0024038461538462563,-0.011923276308968389,-0.012152016926064059,79.20347823403887,1.2152016926064158,1469443.7603301448,none,False,0.0
2025-03-26 04:00:00,19.73,19.83,19.52,19.62,1315875.0,-0.011938275466583215,0.029380902413431498,0.03642041016351213,82.08810139769938,3.6420410163512162,4792470.7223911565,none,False,0.0
2025-03-27 04:00:00,19.94,20.37,19.94,20.14,1027809.0,-0.0026556921507588926,0.02650356778797147,0.028838881638851448,84.45543043786566,2.88388816388514,2964086.2098346218,none,False,0.0
2025-03-28 04:00:00,19.81,19.96,19.73,19.9,1107633.0,-0.020138252098469533,-0.011916583912611856,-0.0007215217513417589,84.39449400778581,0.07215217513417693,79918.1302003938,none,False,0.0
2025-03-31 04:00:00,19.53,19.66,19.355,19.58,1044787.0,0.006712738005254959,-0.016080402010050232,-0.018492787208623292,82.8338045885204,1.849278720862324,1932102.366933585,none,False,0.0
2025-04-01 04:00:00,19.09,19.1,18.622,18.66,1794029.0,0.0028245052646633795,-0.04698672114402447,-0.04742864185931281,78.90510973684715,4.742864185931284,8508835.892622115,surprising_negative,True,0.47800000000000153
2025-04-02 04:00:00,18.48,18.85,18.48,18.82,1929097.0,0.006328324152806708,0.008574490889603492,0.006356917548670591,79.4067030136131,0.6356917548670626,1226311.057238786,none,False,0.0
2025-04-03 04:00:00,19.19,19.32,19.0,19.24,1715434.0,-0.049280804931623234,0.022316684378320906,0.048280503746558234,83.24049863596369,4.8280503746558345,8282201.766397357,surprising_positive,True,0.3200000000000003
2025-04-04 04:00:00,18.8,18.885,18.3,18.39,2472573.0,-0.05854294764300372,-0.04417879417879411,-0.01352113972672564,82.11499222298451,1.352113972672564,3343200.5017529195,none,False,0.0
2025-04-07 04:00:00,18.02,18.68,17.815,18.19,3296077.0,-0.0017811906269790123,-0.01087547580206627,-0.008983338661056918,81.37732543869538,0.898333866105705,2960977.594392094,none,False,0.0
2025-04-08 04:00:00,18.89,18.92,17.77,17.98,1942332.0,-0.01566279392521508,-0.011544804837823053,-0.0026177991343776692,81.164295946604,0.2617799134377541,508463.5028273798,none,False,0.0
2025-04-09 04:00:00,17.71,18.97,17.235,18.83,2027662.0,0.10501933612632941,0.047274749721913034,-0.004957096654451917,80.76195668670614,0.4957096654451987,1005131.6516559424,none,False,0.0
2025-04-10 04:00:00,18.68,18.7,17.575,18.01,1863288.0,-0.04381903685611166,-0.04354753053637794,-0.02035160618028345,79.11832114986919,2.035160618028342,3792090.3576447936,none,False,0.0
2025-04-11 04:00:00,18.64,18.875,18.44,18.81,1524787.0,0.017842845705135613,0.04441976679622406,0.036366905993196356,81.995609697466,3.6366905993196363,5545178.54886479,none,False,0.0
2025-04-14 04:00:00,19.2,19.37,19.07,19.32,1337520.0,0.009701464584035646,0.027113237639553533,0.023186236427320657,83.89677928991375,2.318623642732076,3101205.4946270064,none,False,0.0
2025-04-15 04:00:00,19.65,19.685,19.35,19.51,1826066.0,-0.002800860661819282,0.009834368530020843,0.01224325035232125,84.92394856251362,1.2243250352321322,2235698.319786199,none,False,0.0
2025-04-16 04:00:00,19.55,19.735,19.42,19.55,940320.0,-0.022228009151615602,0.002050230650948226,0.014304332310787937,86.13872894389607,1.430433231078787,1345064.9758480052,none,False,0.0
2025-04-17 04:00:00,19.47,20.16,19.42,20.04,1135338.0,0.0014267777650953661,0.025063938618925752,0.025330353175458124,88.32065337013,2.5330353175458065,2875851.251351821,none,False,0.0
2025-04-21 04:00:00,20.0,20.18,19.725,20.07,1074679.0,-0.02380273930966348,0.0014970059880239361,0.014549143684852155,89.60564324635205,1.4549143684852162,1563565.9186093237,none,False,0.0
2025-04-22 04:00:00,19.68,20.285,19.68,20.27,1791060.0,0.026017747334007968,0.009965122072745247,-0.0022305857224068394,89.40577017787965,0.22305857224068637,399511.28639740375,none,False,0.0
2025-04-23 04:00:00,20.29,20.39,20.02,20.13,1292692.0,0.015495495495495337,-0.006906758756783482,-0.013770037935840963,88.17464933084716,1.3770037935840973,1780041.787935814,none,False,0.0
2025-04-24 04:00:00,20.35,20.55,20.25,20.54,769590.0,0.021048896193642586,0.0203676105315449,0.010689999092252704,89.11723625215362,1.0689999092252656,822691.6401406721,none,False,0.0
2025-04-25 04:00:00,20.47,20.635,20.36,20.59,715774.0,0.007225301359088165,0.0024342745861734016,-0.0002378656094752618,89.09603832643775,0.02378656094752518,17025.801875653888,none,False,0.0
2025-04-28 04:00:00,20.65,20.7256,20.46,20.63,783386.0,0.0003813744006975206,0.0019426906265176402,0.0027388909077437707,89.34006265572602,0.27388909077437074,214560.8792653712,none,False,0.0
2025-04-29 04:00:00,21.04,21.075,20.745,20.79,1230982.0,0.006299355541435903,0.007755695588948175,0.005552802855798944,89.83615041077799,0.5552802855798955,683540.0365037109,none,False,0.0
2025-04-30 04:00:00,21.03,21.24,20.91,21.15,1354443.0,0.0003968826670512904,0.017316017316017396,0.018104358374278706,91.46257627278034,1.8104358374278817,2452132.1469533322,none,False,0.0
2025-05-01 04:00:00,21.31,21.32,20.875,20.93,1263895.0,0.007086954953655411,-0.010401891252954987,-0.013003920759125254,90.27320417850365,1.3003920759125376,1643559.0427854767,none,False,0.0
2025-05-02 04:00:00,21.59,21.66,21.345,21.48,1490619.0,0.014844127706054033,0.026278069756330735,0.01974488838269796,92.05563851895671,1.9744888382698056,2943210.5776128992,none,False,0.0
2025-05-05 04:00:00,21.76,21.76,21.51,21.55,974693.0,-0.005734349636530411,0.0032588454376163423,0.007154350160966683,92.71423679121271,0.7154350160966771,697329.5021443185,none,False,0.0
2025-05-06 04:00:00,21.24,21.24,20.42,20.42,1177536.0,-0.008358325495554708,-0.05243619489559159,-0.04721092120516619,88.33711226346564,4.721092120516623,5559255.931224662,none,False,0.0
2025-05-07 04:00:00,20.82,20.98,20.58,20.6,1795970.0,0.004205440229062329,0.008814887365328206,0.007673141438275362,89.01493542011202,0.7673141438275355,1378073.1828899388,none,False,0.0
2025-05-08 04:00:00,19.952,19.9875,19.355,19.42,3194609.0,0.006967833912500998,-0.05728155339805818,-0.059823215175116906,83.68977578467553,5.9823215175116795,19111178.160736468,surprising_negative,True,0.6325000000000003
2025-05-09 04:00:00,19.61,19.96,19.35,19.36,2185465.0,-0.0012742009698083478,-0.00308959835221434,-0.0014543915905051471,83.56805807856304,0.14543915905050886,317852.19173432037,none,False,0.0
2025-05-12 04:00:00,19.13,19.95,19.12,19.93,2595096.0,0.033047453662685466,0.02944214876033069,0.013683951892964952,84.7115993650986,1.3683951892965007,3551116.882162592,none,False,0.0
2025-05-13 04:00:00,19.52,19.52,18.885,19.31,2195417.0,0.006603886859122943,-0.031108881083793283,-0.03346610309339908,81.87663224753949,3.3466103093399147,7347205.165500107,surprising_negative,True,0.634999999999998
2025-05-14 04:00:00,19.58,19.665,19.045,19.08,1706270.0,0.0012780314906959411,-0.011910926980838954,-0.011569131326959926,80.9293907364585,1.1569131326959914,1974006.1709251893,none,False,0.0
2025-05-15 04:00:00,19.42,19.66,19.32,19.65,1039385.0,0.004884358140880618,0.029874213836478036,0.02838840835292338,83.22684732843838,2.8388408352923333,2950648.581590322,none,False,0.0
2025-05-16 04:00:00,19.62,19.9,19.59,19.88,836564.0,0.006334044643159675,0.011704834605597902,0.009484362255315633,84.01620089786913,0.948436225531557,793427.6025755815,none,False,0.0
2025-05-19 04:00:00,19.81,20.185,19.8,20.18,1058340.0,0.0010939077751599413,0.015090543259557387,0.015525648462066704,85.32060689812782,1.5525648462066721,1643141.4793343693,none,False,0.0
2025-05-20 04:00:00,20.25,20.4,20.14,20.33,1030051.0,-0.003362192149281351,0.007433102081268572,0.010126453438493246,86.18460205122571,1.0126453438493277,1043076.3490773438,none,False,0.0
2025-05-21 04:00:00,20.87,20.87,20.46,20.52,1536663.0,-0.016850805431390725,0.009345794392523477,0.018874856257426038,87.81132402654606,1.8874856257426131,2900429.324110521,none,False,0.0
2025-05-22 04:00:00,20.94,21.225,20.9,21.03,1967691.0,0.0003946059087946985,0.024853801169590684,0.02564329603514208,90.06309580379657,2.564329603514204,5045808.281868467,none,False,0.0
2025-05-23 04:00:00,20.52,20.82,20.52,20.81,1247688.0,-0.006825704436707936,-0.010461245839277322,-0.006012668289302688,89.52157628362065,0.6012668289302803,750193.4072543635,none,False,0.0
2025-05-27 04:00:00,21.34,21.379,20.95,21.28,1389021.0,0.020790523389338844,0.022585295530994864,0.013038621324191927,90.68881421712754,1.303862132419198,1811091.8830350467,none,False,0.0
2025-05-28 04:00:00,20.74,21.21,20.73,21.19,1429148.0,-0.0057853336716569,-0.004229323308270638,-0.0003079810805490949,90.66088377813124,0.030798108054908013,44015.05453045568,none,False,0.0
2025-05-29 04:00:00,21.17,21.415,21.115,21.32,685051.0,0.003947390808704654,0.006134969325153339,0.005123996747246679,91.12542985171291,0.512399674724695,351019.9095698271,none,False,0.0
2025-05-30 04:00:00,21.14,21.18,20.57,20.95,824108.0,-0.001118549275485048,-0.017354596622889407,-0.01579827046218572,89.6858056649326,1.5798270462185848,1301948.1074051056,none,False,0.0
2025-06-02 04:00:00,21.79,21.94,21.57,21.77,1992687.0,0.005632942533806196,0.03914081145584736,0.037275641089218166,93.028901567696,3.7275641089218103,7427868.541515076,positive_anticipated,True,0.370000000000001
2025-06-03 04:00:00,21.125,21.525,20.88,21.35,1129525.0,0.005702620168379191,-0.019292604501607635,-0.02119308584712244,91.05733207050831,2.119308584712243,2393812.029147096,none,False,0.0
2025-06-04 04:00:00,22.02,22.15,21.76,21.78,1334837.0,-0.00026841584324532874,0.020140515222482502,0.021266013846348353,92.99375855513128,2.1266013846348297,2838666.212461802,none,False,0.0
2025-06-05 04:00:00,22.07,22.07,21.775,21.81,680209.0,-0.004832782373768718,0.0013774104683195176,0.0048160222047819775,93.44161856123893,0.48160222047819445,327590.16478925216,none,False,0.0
2025-06-06 04:00:00,21.86,22.22,21.86,22.2,956446.0,0.010268948655256738,0.017881705639614776,0.013667116908379413,94.71869608622359,1.3667116908379517,1307185.9298551956,none,False,0.0
2025-06-09 04:00:00,22.2,22.37,22.02,22.25,791012.0,0.0009012918516539958,0.0022522522522523403,0.0027849706537405334,94.9824848751843,0.2784970653740615,220294.52067566713,none,False,0.0
2025-06-10 04:00:00,22.53,22.925,22.5,22.84,1238818.0,0.0056696905016009325,0.026516853932584183,0.024633060564143272,97.32219417764752,2.463306056414316,3051587.8821950704,none,False,0.0
2025-06-11 04:00:00,22.672,22.889,22.58,22.63,1219200.0,-0.002852026265172114,-0.009194395796847665,-0.006759584455688968,96.66433658669075,0.6759584455688916,824128.5368375926,none,False,0.0
2025-06-12 04:00:00,22.95,23.13,22.77,23.09,1026460.0,0.003974324863642353,0.020326999558108794,0.019302377437547057,98.53018809623715,1.9302377437547147,1981311.8344544645,none,False,0.0
2025-06-13 04:00:00,22.96,23.075,22.7,22.82,1112751.0,-0.011180124223602483,-0.011693373754872227,-0.005038079141432283,98.0337852107881,0.5038079141432394,560612.7602708038,none,False,0.0
2025-06-16 04:00:00,22.96,23.055,22.73,22.86,1621739.0,0.009514237855946295,0.0017528483786151128,-0.0020792707515422063,97.82994642853633,0.20792707515422393,337203.446933536,none,False,0.0
2025-06-17 04:00:00,22.39,22.43,22.02,22.03,1569265.0,-0.008545164929979365,-0.03630796150481186,-0.030988002003589345,94.7983918525978,3.098800200358942,4862838.696416276,none,False,0.0
2025-06-18 04:00:00,21.74,21.91,21.5,21.56,1846493.0,-0.0001506200525495105,-0.02133454380390387,-0.020268741303529653,92.87694777214686,2.0268741303529625,3742608.8935778327,none,False,0.0
2025-06-20 04:00:00,21.45,21.45,21.07,21.16,1746425.0,-0.005289234065345649,-0.01855287569573283,-0.01488294502684177,91.49466526419316,1.488294502684162,2599194.726850188,none,False,0.0
2025-06-23 04:00:00,20.89,21.02,20.64,20.68,3563728.0,0.00987749882210398,-0.022684310018903586,-0.026700521223721154,89.0517100124493,2.670052122372113,9515339.509956926,surprising_negative,True,0.379999999999999
2025-06-24 04:00:00,20.68,20.91,20.49,20.74,5980081.0,0.01104723819045228,0.0029013539651836506,-0.0017076535133671465,88.8996405469752,0.17076535133669912,1021190.632986919,none,False,0.0
2025-06-25 04:00:00,20.53,20.595,20.31,20.52,1076140.0,0.0005603348824945176,-0.01060752169720347,-0.009902014359743574,88.01935502970301,0.9902014359743694,1065595.373309458,none,False,0.0
2025-06-26 04:00:00,20.7,20.74,20.58,20.73,863640.0,0.00782382395572534,0.01023391812865504,0.007258460822689193,88.65824006982447,0.7258460822689106,626869.710490722,none,False,0.0
2025-06-27 04:00:00,20.59,20.745,20.385,20.5,727649.0,0.004968375635347355,-0.011095031355523366,-0.012623414920141166,87.53907031933359,1.2623414920141185,918541.5243225814,none,False,0.0
2025-06-30 04:00:00,20.47,20.685,20.44,20.66,1022012.0,0.004781187490852323,0.007804878048780495,0.0063713570129842875,88.09681298892279,0.6371357012984191,651160.3323554,none,False,0.0
2025-07-01 04:00:00,20.49,21.075,20.46,20.74,1295940.0,-0.00032370316419849665,0.0038722168441431837,0.0050257337759608365,88.53956411751574,0.5025733775960939,651304.9429618819,none,False,0.0
2025-07-02 04:00:00,20.35,20.585,20.24,20.44,1310145.0,0.004533311746134583,-0.014464802314368197,-0.015772705779452896,87.14305562284915,1.5772705779453,2066453.1613421452,none,False,0.0
2025-07-03 04:00:00,20.42,20.435,20.225,20.3,1125763.0,0.007881376420340036,-0.006849315068493178,-0.00985393860369856,86.28435330300292,0.9853938603698431,1109319.9484315356,none,False,0.0
2025-07-07 04:00:00,20.5,20.56,20.33,20.52,1425769.0,-0.007451946141299293,0.010837438423645374,0.015603380472912095,87.63068089644884,1.5603380472912098,2224681.617348341,none,False,0.0
2025-07-08 04:00:00,20.84,21.41,20.785,21.25,1889844.0,-0.0005477862988978455,0.03557504873294359,0.03684212570287794,90.8591814574646,3.684212570287815,6962587.020683005,none,False,0.0
2025-07-09 04:00:00,21.31,21.645,21.28,21.58,1244776.0,0.0059967114808006095,0.015529411764705792,0.01347989189073067,92.0839534007915,1.3479891890730622,1677944.59081761,none,False,0.0
2025-07-10 04:00:00,21.68,21.8983,21.53,21.86,1049319.0,0.0028202416434319755,0.01297497683039861,0.012535216817611165,93.23824572209321,1.253521681761094,1315344.1175838693,none,False,0.0
