NVO,open,high,low,close,volume,market_return,stock_return,residual_return,residual_price,residual_gap_pct,volume_gap_product,earnings_classification,is_earnings_date,event_strength
2024-02-26 05:00:00,123.2,124.165,122.79,123.49,4451787.0,,,,100.0,,,none,False,0.0
2024-02-27 05:00:00,119.97,122.56,119.79,122.23,7636985.0,0.0018577442241940467,-0.01020325532431765,-0.009779489402973598,99.02205105970265,0.9779489402973573,7468581.387816814,none,False,0.0
2024-02-28 05:00:00,121.96,122.15,120.93,121.54,3075200.0,-0.0013216814944864153,-0.005645095312116433,-0.002750986432839145,98.74964274068549,0.275098643283922,845983.3478267168,none,False,0.0
2024-02-29 05:00:00,120.11,120.28,118.91,119.77,5479768.0,0.0035949907162327044,-0.01456310679611661,-0.015489142699859078,97.22009543271491,1.5489142699859015,8487690.851412104,none,False,0.0
2024-03-01 05:00:00,122.8,124.43,122.25,124.23,5447082.0,0.00938828530940028,0.03723803957585381,0.03181074282573315,100.31273888601824,3.181074282573304,17327572.46526796,none,False,0.0
2024-03-04 05:00:00,127.33,128.77,126.99,127.95,6816949.0,-0.0010724383347958666,0.029944457860420215,0.032644910356805154,103.5874392545979,3.264491035680517,22253868.901191264,none,False,0.0
2024-03-05 05:00:00,126.25,126.83,123.97,124.65,4807804.0,-0.009994144056217014,-0.02579132473622503,-0.016158905635879815,101.91357959862042,1.615890563587985,7768885.115180569,none,False,0.0
2024-03-06 05:00:00,124.36,125.175,123.36,124.75,3895545.0,0.005067234512401875,0.0008022462896108973,-0.0012676902477770776,101.7843847476472,0.12676902477770646,493834.4406276705,none,False,0.0
2024-03-07 05:00:00,133.44,138.28,132.87,135.92,19606772.0,0.0099264345267287,0.08953907815631257,0.08369365145224027,110.30309156799748,8.369365145224016,164096234.18715417,surprising_positive,True,5.409999999999997
2024-03-08 05:00:00,133.9,134.83,131.1,133.07,12765042.0,-0.006002214409199347,-0.020968216597998746,-0.014437437908415422,108.71059753237826,1.4437437908415451,18429450.12733154,none,False,0.0
2024-03-11 04:00:00,133.37,133.52,130.75,131.24,5734460.0,-0.0008598452278590907,-0.013752160517020995,-0.011216888128962155,107.49120292142496,1.1216888128962044,6432279.630000768,none,False,0.0
2024-03-12 04:00:00,131.6,135.12,131.45,135.11,6340618.0,0.01075731497418242,0.029487960987503836,0.022996958684608115,109.9631736739678,2.299695868460816,14581493.018088281,none,False,0.0
2024-03-13 04:00:00,134.24,135.5,132.7,133.49,6847024.0,-0.0015673981191220987,-0.011990230182814088,-0.008905204959824324,108.98392907436836,0.8905204959824276,6097415.208483585,none,False,0.0
2024-03-14 04:00:00,135.85,135.92,133.87,134.58,3506857.0,-0.0019768591197162344,0.0081654056483631,0.011568572947584737,110.24471760797958,1.1568572947584732,4056933.102124815,none,False,0.0
2024-03-15 04:00:00,133.88,134.0,131.86,132.37,3780112.0,-0.009942712884746241,-0.016421459355030477,-0.006829001129227663,109.49185630694329,0.6829001129227796,2581438.9116607546,none,False,0.0
2024-03-18 04:00:00,131.57,133.7484,131.07,132.89,3898758.0,0.005943157523095932,0.003928382564024835,0.0011778733595522572,109.62082384757517,0.11778733595522173,459224.31835410837,none,False,0.0
2024-03-19 04:00:00,132.04,132.21,130.51,131.37,4393496.0,0.005557072105447869,-0.011438031454586328,-0.013888560890057276,108.09834836074987,1.388856089005741,6101933.671622368,none,False,0.0
2024-03-20 04:00:00,131.15,131.43,128.832,130.36,4403906.0,0.009249384343914091,-0.007688208875694547,-0.013007582669816302,106.69225015797683,1.3007582669816165,5728417.136509943,none,False,0.0
2024-03-21 04:00:00,129.0,131.07,127.11,129.83,6548847.0,0.0033046418690441115,-0.004065664314206852,-0.004766105631548964,106.18374362365626,0.4766105631549111,3121249.6566853505,none,False,0.0
2024-03-22 04:00:00,129.22,129.49,128.11,128.76,3229452.0,-0.001895825354270464,-0.008241546637911323,-0.004901340769317747,105.66330091199485,0.4901340769317697,1582864.4750154575,none,False,0.0
2024-03-25 04:00:00,129.0,130.25,128.71,129.05,3319962.0,-0.0027628019416359173,0.0022522522522523403,0.006266079616296392,106.32539556803009,0.6266079616296327,2080314.6215078388,none,False,0.0
2024-03-26 04:00:00,130.1,130.16,128.44,129.41,4218215.0,-0.001846970775535417,0.002789616427741004,0.006091863376951175,106.9731153513308,0.6091863376951112,2569678.9474605834,none,False,0.0
2024-03-27 04:00:00,128.33,128.62,127.29,128.05,3941235.0,0.008403847265858522,-0.010509234216830143,-0.015171644536644687,105.35015727024293,1.5171644536644657,5979501.6455382705,none,False,0.0
2024-03-28 04:00:00,128.39,130.16,127.79,128.4,3656540.0,-0.00019114245847418054,0.002733307301835186,0.00474901253422981,105.85046648760239,0.47490125342297684,1736495.4291912518,none,False,0.0
2024-04-01 04:00:00,129.11,129.11,127.15,127.55,3065147.0,-0.001739728908176863,-0.006619937694704148,-0.003401015287491695,105.49046743288993,0.34010152874917043,1042461.1805409335,none,False,0.0
2024-04-02 04:00:00,125.05,126.68,124.08,126.46,4322447.0,-0.006358204381798571,-0.008545668365346981,-0.0017382933971532176,105.30709404988872,0.17382933971533676,751368.1079645383,none,False,0.0
2024-04-03 04:00:00,125.38,128.13,125.38,126.99,3616445.0,0.0010986045794463273,0.004191048552902199,0.005204649067478635,105.85518051873434,0.5204649067478417,1882232.7096836986,none,False,0.0
2024-04-04 04:00:00,126.9,127.4799,123.77,123.96,4006827.0,-0.012206156985810623,-0.023860146468225873,-0.012509042596799826,104.53103355653357,1.2509042596799747,5012156.962100734,none,False,0.0
2024-04-05 04:00:00,124.67,126.17,124.6,125.86,4997816.0,0.010446917574599812,0.015327525008067111,0.009077694570176594,105.47993435226466,0.9077694570176487,4536864.716594117,none,False,0.0
2024-04-08 04:00:00,127.0,127.63,125.99,127.46,3017070.0,0.00055938120864929,0.012712537740346308,0.014145102802191464,106.97195886724586,1.41451028021915,4267676.531140791,none,False,0.0
2024-04-09 04:00:00,126.18,126.74,124.22,124.86,3197244.0,0.001156693399136488,-0.020398556409853996,-0.019430089614179413,104.89348412025095,1.943008961417958,6212273.743839798,none,False,0.0
2024-04-10 04:00:00,123.39,125.26,123.24,124.93,3025305.0,-0.010013094046060322,0.0005606279032517314,0.010207770723571683,105.96421275654708,1.0207770723571707,3088161.9808875103,none,False,0.0
2024-04-11 04:00:00,125.48,125.88,124.13,125.4,2418961.0,0.007546876215669407,0.0037621067797966035,-0.00023445612406826355,105.93936879793424,0.023445612406824967,56714.02203322573,none,False,0.0
2024-04-12 04:00:00,126.74,127.06,124.35,124.51,3343015.0,-0.013803088803088781,-0.0070972886762360465,0.00549459564366353,106.52146279222386,0.5494595643663835,1836851.5655702858,none,False,0.0
2024-04-15 04:00:00,125.81,126.05,123.52,123.9,2896694.0,-0.01252813937555064,-0.004899204883141883,0.006702072132572271,107.23537731952446,0.6702072132572345,1941385.2133989518,none,False,0.0
2024-04-16 04:00:00,123.07,124.2505,121.79,123.45,3044113.0,-0.0018237684606997595,-0.003631961259079941,-0.0003477419916379748,107.19808707584131,0.034774199163800645,105856.59173911468,none,False,0.0
2024-04-17 04:00:00,124.95,125.21,123.26,124.53,3075118.0,-0.005918217385259994,0.008748481166464206,0.015213996039580055,108.82899834806372,1.5213996039580069,4678483.3073241385,none,False,0.0
2024-04-18 04:00:00,123.3,124.095,122.51,122.75,2841036.0,-0.002057736489861184,-0.014293744479241921,-0.01082773726505707,107.65062654713155,1.0827737265057147,3076199.13685689,none,False,0.0
2024-04-19 04:00:00,123.48,124.54,122.46,122.71,5183469.0,-0.008728379244074214,-0.00032586558044811476,0.008323082457275649,108.54661158846073,0.8323082457275754,4314243.99017327,none,False,0.0
2024-04-22 04:00:00,122.59,126.25,122.57,125.26,3798340.0,0.00920914451894328,0.02078070246923658,0.015492594122727283,110.22828018519807,1.54925941227273,5884613.996012001,none,False,0.0
2024-04-23 04:00:00,126.57,128.76,126.34,128.64,3703606.0,0.01186664532137982,0.026983873543030334,0.01963094627201236,112.39216563117003,1.963094627201234,7270529.039870253,none,False,0.0
2024-04-24 04:00:00,127.16,127.32,125.35,126.16,3143089.0,-0.0004746366063481666,-0.019278606965174028,-0.017042633095049935,110.4767071895599,1.7042633095050053,5356651.261208777,none,False,0.0
2024-04-25 04:00:00,123.69,125.85,123.2096,125.79,3434352.0,-0.003798895945865799,-0.002932783766645408,0.0018860655584615965,110.68507350200238,0.18860655584616026,647741.3022833721,none,False,0.0
2024-04-26 04:00:00,126.15,127.9,125.99,126.85,3312457.0,0.0094738723708514,0.008426742984338986,0.002932946994024184,111.00970695561342,0.29329469940242436,971526.0800984564,none,False,0.0
2024-04-29 04:00:00,127.32,127.97,126.52,126.88,2110861.0,0.0035414945106835294,0.00023649980291673423,-0.0006479707408054973,110.9377759135608,0.06479707408054702,136777.61659073757,none,False,0.0
2024-04-30 04:00:00,128.05,130.4631,127.49,128.31,7841046.0,-0.015841273575657788,0.01127049180327866,0.025446000288479462,113.76069859146054,2.544600028847954,19952325.877798136,none,False,0.0
2024-05-01 04:00:00,127.8,130.13,127.5,129.21,5217688.0,-0.003247141320371294,0.007014262333411292,0.011404410605498218,115.05807230896588,1.1404410605498239,5950465.63633809,none,False,0.0
2024-05-02 04:00:00,127.94,127.94,123.83,124.02,8487072.0,0.009353452583191757,-0.04016716972370571,-0.04556740222150266,109.81517484923249,4.556740222150268,38673382.35068532,none,False,0.0
2024-05-03 04:00:00,122.92,123.77,121.2902,123.05,5932926.0,0.01239530324931204,-0.007821319142073846,-0.015585001846612358,108.10370514642113,1.558500184661249,9246466.266581526,none,False,0.0
2024-05-06 04:00:00,122.0,124.64,121.78,124.59,3636591.0,0.010326820395470282,0.012515237708248694,0.006358720103234616,108.79110634956983,0.6358720103234683,2312406.4298942317,none,False,0.0
2024-05-07 04:00:00,126.65,127.8,126.38,127.29,4167492.0,0.0011034322550669273,0.021671081146159343,0.022680930664320777,111.25858988957917,2.2680930664320753,9452259.709611142,none,False,0.0
2024-05-08 04:00:00,127.51,128.43,126.62,126.69,4060256.0,9.668561704767598e-05,-0.00471364600518509,-0.0029215767757589488,110.93353937725408,0.2921576775758994,1186234.9633236108,none,False,0.0
2024-05-09 04:00:00,127.44,128.8,126.94,128.66,2374007.0,0.005761905682631019,0.015549767148156812,0.012940086586125601,112.3690289821011,1.2940086586125332,3071985.613606764,none,False,0.0
2024-05-10 04:00:00,129.09,130.27,128.33,128.42,3081075.0,0.0012880404483150976,-0.001865381625991036,-0.0009989685616168178,112.25677585484857,0.09989685616168531,307789.70609836455,none,False,0.0
2024-05-13 04:00:00,131.47,133.5,130.4,132.41,6144954.0,0.00013439827970196383,0.031069926802678838,0.032832694133316916,115.94246824088314,3.283269413331702,20175539.514530294,none,False,0.0
2024-05-14 04:00:00,132.18,133.0,131.3,132.92,2920656.0,0.004588124628054802,0.0038516728343780393,0.0021539940043864194,116.19220762232779,0.215399400438665,629107.5512875896,none,False,0.0
2024-05-15 04:00:00,132.945,134.79,132.9,134.66,3719691.0,0.012382954328301166,0.013090580800481533,0.0053364929324816,116.81226651711376,0.5336492932481507,1985010.473251507,none,False,0.0
2024-05-16 04:00:00,133.13,133.67,132.48,133.04,2894421.0,-0.002057457812676855,-0.012030298529630223,-0.00856450784140973,115.8118269445551,0.8564507841409719,2478929.135084096,none,False,0.0
2024-05-17 04:00:00,131.94,132.0863,130.85,131.89,2590304.0,0.0014375153681740471,-0.008644016837041524,-0.00789374245566646,114.89763820933456,0.7893742455666541,2044719.2657882865,none,False,0.0
2024-05-20 04:00:00,131.45,133.62,131.0,132.91,2411685.0,0.0011521390121822517,0.007733717491849257,0.008705722944732907,115.89790521458919,0.870572294473293,2099546.1439968236,none,False,0.0
2024-05-21 04:00:00,133.36,135.48,133.32,135.16,3559763.0,0.0024525525412217863,0.016928748777368163,0.01689036188644289,117.85546277554424,1.6890361886442662,6012568.529996879,none,False,0.0
2024-05-22 04:00:00,133.6,134.65,132.77,134.03,2683027.0,-0.002879403794037838,-0.008360461675051778,-0.004256037269136088,117.35386553360026,0.4256037269135926,1141906.2906097956,none,False,0.0
2024-05-23 04:00:00,136.46,137.22,135.0,135.57,4370676.0,-0.007304229658569694,0.01148996493322385,0.019032380467632917,119.58738895178315,1.9032380467632892,8318436.853275185,none,False,0.0
2024-05-24 04:00:00,134.5,136.695,134.22,136.04,2845222.0,0.006616472735569312,0.003466843696983135,0.0001931835713142446,119.61049127066501,0.019318357131425934,54965.01471418996,none,False,0.0
2024-05-28 04:00:00,134.45,134.59,132.7,134.08,3145648.0,0.0006988516168024983,-0.014407527197882852,-0.013083327536303863,118.04558803659269,1.3083327536303813,4115554.3097919016,none,False,0.0
2024-05-29 04:00:00,132.35,133.14,132.06,132.68,3169150.0,-0.007002510333893097,-0.01044152744630078,-0.003133541106009368,117.67568733409696,0.31335411060094964,993066.1796109995,none,False,0.0
2024-05-30 04:00:00,133.89,134.58,132.78,132.8,2759864.0,-0.006633719825128281,0.0009044317154054404,0.007925876045632885,118.60837024549167,0.7925876045632885,2187433.9966804557,none,False,0.0
2024-05-31 04:00:00,135.04,135.86,133.7601,135.28,3446348.0,0.00910813034576452,0.01867469879518069,0.01346507621102069,120.20544099011217,1.3465076211020666,4640533.846969865,none,False,0.0
2024-06-03 04:00:00,133.85,136.69,133.68,135.62,4496711.0,0.0008153668202588449,0.0025133057362507483,0.0037469756802586025,120.65584785413688,0.3746975680258613,1684906.6758151387,none,False,0.0
2024-06-04 04:00:00,136.44,140.0,135.78,139.92,5071172.0,0.001117847669571903,0.03170623801799133,0.03270488708020286,124.60188373377257,3.2704887080202916,16585210.762428679,none,False,0.0
2024-06-05 04:00:00,141.36,142.4095,140.08,141.0,3786730.0,0.011885160582145726,0.007718696397941871,0.0003513831817581964,124.645666740132,0.03513831817580915,133059.32358588176,none,False,0.0
2024-06-06 04:00:00,141.19,142.94,140.8901,142.4,4369174.0,-1.8703125292174327e-05,0.009929078014184523,0.01181080172598754,126.11783199600322,1.1810801725987474,5160344.782033959,none,False,0.0
2024-06-07 04:00:00,143.07,143.73,142.27,142.88,3511197.0,-0.001215725881868801,0.003370786516853963,0.006182570245414392,126.89756435151787,0.6182570245414354,2170822.2097988143,none,False,0.0
2024-06-10 04:00:00,142.115,143.94,141.25,143.63,3655019.0,0.0030898297784685003,0.005249160134378483,0.004715623026219347,127.49596542794504,0.47156230262193066,1723569.1757669065,none,False,0.0
2024-06-11 04:00:00,141.91,142.94,141.02,141.79,4433332.0,0.0024082440353956347,-0.012810694144677282,-0.01281465431360019,125.8621487046072,1.2814654313600293,5681161.703742222,none,False,0.0
2024-06-12 04:00:00,143.52,144.5,142.0,143.26,3242786.0,0.008213055219294052,0.010367444812751314,0.005853275662998079,126.59885455651252,0.5853275662998092,1898092.037411093,none,False,0.0
2024-06-13 04:00:00,142.83,142.91,141.14,142.49,2857184.0,0.002013447613418151,-0.005374842942900915,-0.005072055086506194,125.9567381923133,0.5072055086506211,1449179.4640284162,none,False,0.0
2024-06-14 04:00:00,142.21,143.18,141.89,142.5,2831653.0,0.0006083510000920445,7.018036353412249e-05,0.0014646969882884833,126.14122664739824,0.14646969882887717,414751.3620978865,none,False,0.0
2024-06-17 04:00:00,142.0,142.13,140.34,140.37,3164448.0,0.007959025756291815,-0.014947368421052598,-0.019264162336860888,123.71122157989201,1.926416233686079,6096043.997855445,none,False,0.0
2024-06-18 04:00:00,141.06,141.71,139.78,140.8,2640226.0,0.002540668981904526,0.0030633326209303924,0.0029564812184929325,124.07697148300979,0.2956481218493012,780577.8581576932,none,False,0.0
2024-06-20 04:00:00,141.51,143.59,140.81,140.99,3205591.0,-0.002716549071086094,0.001349431818181701,0.005327321732146128,124.7379694296501,0.5327321732146117,1707721.4598672006,none,False,0.0
2024-06-21 04:00:00,141.46,142.56,141.21,141.96,3033303.0,-0.004552102376599643,0.006879920561742026,0.012283994504962016,126.27024996068403,1.2283994504961981,3726107.7383884694,none,False,0.0
2024-06-24 04:00:00,141.87,142.66,141.51,142.28,2992090.0,-0.0032506290058951226,0.0022541561003099897,0.006647014226356595,127.10957010853829,0.6647014226356607,1988846.479653934,none,False,0.0
2024-06-25 04:00:00,145.51,148.15,144.68,146.91,6341691.0,0.0038508309687881326,0.03254146752881648,0.031416649447983724,131.10292691412215,3.1416649447983724,19923468.305443335,none,False,0.0
2024-06-26 04:00:00,145.56,145.6193,142.7941,143.67,4384515.0,0.0012480957362845935,-0.02205431897079846,-0.02115686975499241,128.32919936490177,2.1156869754992536,9276261.27938111,none,False,0.0
2024-06-27 04:00:00,143.86,145.36,143.43,144.49,2592441.0,0.0015765063885171404,0.00570752418737408,0.0063498056421325035,129.14406483907936,0.63498056421325,1646149.648869562,none,False,0.0
2024-06-28 04:00:00,144.66,145.59,142.67,142.74,2757544.0,-0.003935062320405525,-0.01211156481417397,-0.007186917249317204,128.21591713184043,0.7186917249317304,1981824.0539351436,none,False,0.0
2024-07-01 04:00:00,143.59,145.99,143.56,145.42,3435776.0,0.002057991253537228,0.01877539582457599,0.01904357426486064,130.65760647167787,1.9043574264860696,6542945.541342602,none,False,0.0
2024-07-02 04:00:00,141.69,143.37,139.03,142.98,6594458.0,0.006729746580115048,-0.016778985008939595,-0.020140656388511192,128.0260765151865,2.0140656388511036,13281671.26464677,none,False,0.0
2024-07-03 04:00:00,141.34,141.52,136.01,138.87,7455753.0,0.004462578095116854,-0.028745279060008344,-0.03034541103060521,124.14107260069744,3.0345411030605285,22624788.932766844,none,False,0.0
2024-07-05 04:00:00,140.41,142.86,140.3509,142.37,3664490.0,0.005766510717005735,0.02520342766616257,0.02259016909500481,126.94544042238248,2.2590169095004997,8278144.874695486,none,False,0.0
2024-07-08 04:00:00,142.28,143.69,142.18,143.07,2909444.0,0.001153901629886045,0.004916766172648579,0.0058874021108407835,127.69281927628681,0.58874021108406,1712906.674697252,none,False,0.0
2024-07-09 04:00:00,140.75,141.29,139.07,140.43,4584970.0,0.000972482351246251,-0.018452505766408,-0.017340911090042432,125.47850945037986,1.7340911090042432,7950755.712051185,none,False,0.0
2024-07-10 04:00:00,139.85,142.79,139.6821,142.74,3045219.0,0.009895289842035249,0.016449476607562463,0.010628248629712154,126.81212624650419,1.0628248629712234,3236534.4663923657,none,False,0.0
2024-07-11 04:00:00,142.27,142.53,138.8,139.79,3837819.0,-0.00862253260172452,-0.020666946896455207,-0.01210023934197757,125.27766916745642,1.210023934197746,4643852.845118859,none,False,0.0
2024-07-12 04:00:00,141.75,143.4899,141.63,142.08,2877642.0,0.006307504312823342,0.016381715430288546,0.013348116886454948,126.94989013876625,1.3348116886454875,3841110.177337178,none,False,0.0
2024-07-15 04:00:00,143.25,143.49,141.07,141.39,2434117.0,0.002750049108019681,-0.004856418918919081,-0.005125954015157198,126.29915083968568,0.5125954015157141,1247717.1809512256,none,False,0.0
2024-07-16 04:00:00,142.0,142.23,140.61,140.87,2221103.0,0.005930226345876477,-0.0036777707051416364,-0.006418232672972018,125.4885335031978,0.6418232672971924,1425555.5844635959,none,False,0.0
2024-07-17 04:00:00,136.41,136.62,134.43,135.42,6703784.0,-0.014021173388096053,-0.03868815219706123,-0.025926821012703976,122.2350147559137,2.592682101270394,17380780.787582844,none,False,0.0
2024-07-18 04:00:00,134.94,134.97,126.83,129.99,9758249.0,-0.007684849355406476,-0.040097474523703824,-0.032259325963608074,118.29179557073624,3.225932596360803,31479453.53250521,none,False,0.0
2024-07-19 04:00:00,132.61,133.5,131.3,131.54,4319544.0,-0.006640610863822172,0.011923994153396178,0.01895079266718271,120.53351886282604,1.8950792667182803,8185878.276077348,none,False,0.0
2024-07-22 04:00:00,132.003,133.26,131.85,133.18,3720422.0,0.010309841709320589,0.012467690436369194,0.006324364892273042,121.29581681786424,0.632436489227306,2352930.628124032,none,False,0.0
2024-07-23 04:00:00,133.56,134.67,133.02,133.28,2383245.0,-0.0015685567474984508,0.0007508634930168956,0.0038367889444452623,121.76120326683848,0.38367889444452796,914400.8067904491,none,False,0.0
2024-07-24 04:00:00,132.5,132.9,130.92,131.6,2663352.0,-0.0226624291234786,-0.012605042016806789,0.006870352379715054,122.59774563945977,0.6870352379715117,1829816.6751219016,none,False,0.0
2024-07-25 04:00:00,129.1,129.98,126.35,127.86,5326126.0,-0.005210354193226685,-0.028419452887538,-0.02250393194613928,119.83881431483927,2.250393194613931,11985877.704056319,none,False,0.0
2024-07-26 04:00:00,126.86,128.26,126.36,126.73,3179137.0,0.01119964339443924,-0.008837791334271872,-0.015672472966316593,117.96064373717452,1.5672472966316575,4982493.868871678,none,False,0.0
2024-07-29 04:00:00,128.01,129.5295,127.38,128.05,3093983.0,0.0005877599000807532,0.010415844709224409,0.01182636015999635,119.35568879471536,1.1826360159996385,3659055.72869061,none,False,0.0
2024-07-30 04:00:00,131.1,131.67,127.59,129.23,4388093.0,-0.005066451281298123,0.009215150331901345,0.015018861916339731,121.14827540365283,1.5018861916339832,6590416.28430574,none,False,0.0
2024-07-31 04:00:00,132.75,132.89,131.64,132.63,3580362.0,0.01625461254612537,0.026309680414764447,0.015547400357297108,123.03181614394951,1.554740035729707,5566532.143805285,none,False,0.0
2024-08-01 04:00:00,132.05,134.34,131.1,132.46,3669049.0,-0.014160962945480193,-0.0012817612908089249,0.011588183265657503,124.45753137693228,1.158818326565747,4251761.222267727,none,False,0.0
2024-08-02 04:00:00,129.78,130.13,126.85,127.49,4774033.0,-0.018618441649325135,-0.03752076098444823,-0.02118745477072291,121.8205930600077,2.1187454770722924,10114960.826143868,none,False,0.0
2024-08-05 04:00:00,123.885,127.42,122.73,126.0,5888813.0,-0.029123662976168085,-0.011687191152247145,0.012808438016161643,123.38092457530887,1.2808438016161716,7542649.629926733,none,False,0.0
2024-08-06 04:00:00,128.75,131.27,128.28,130.12,6994281.0,0.009219529166183404,0.03269841269841267,0.02740223571232814,126.76183775292648,2.740223571232825,19165893.660025895,none,False,0.0
2024-08-07 04:00:00,122.69,123.62,118.8,119.23,13899863.0,-0.006683903092980947,-0.0836919766369505,-0.07663154102549338,117.04788278269615,7.663154102549353,106516792.17332396,surprising_negative,True,4.820000000000007
2024-08-08 04:00:00,125.89,128.34,123.21,128.17,10281322.0,0.02311726371804257,0.0749811289105089,0.0588867217661619,123.94044888943911,5.888672176616194,60543334.80023196,surprising_positive,True,5.13000000000001
2024-08-09 04:00:00,130.44,134.65,130.21,133.47,7503650.0,0.004409686233864285,0.04135133026449256,0.039792294091859956,128.87232368152482,3.9792294091860025,29858744.756238546,none,False,0.0
2024-08-12 04:00:00,131.57,132.03,129.55,129.89,3602690.0,0.0005253381864573914,-0.02682250693039645,-0.025363491198656916,125.603671634078,2.5363491198656885,9137679.610648917,none,False,0.0
2024-08-13 04:00:00,131.56,134.25,131.56,133.57,3343413.0,0.016445702927222472,0.02833166525521591,0.017420912228401163,127.7918021731802,1.7420912228401253,5824530.441629572,none,False,0.0
2024-08-14 04:00:00,132.7,134.85,132.24,134.42,1967949.0,0.0031547487270313646,0.006363704424646288,0.005779726739600436,128.53040386930226,0.5779726739600477,1137420.7457470018,none,False,0.0
2024-08-15 04:00:00,136.61,137.69,135.545,137.57,2916109.0,0.01714022988505759,0.023434012795714887,0.01198362779407456,130.07066438949406,1.198362779407458,3494556.486295103,none,False,0.0
2024-08-16 04:00:00,135.4,135.67,134.66,134.89,2111269.0,0.0022420308460049387,-0.019480991495238853,-0.019355807718601258,127.5530416197403,1.9355807718601237,4086531.6806243514,none,False,0.0
2024-08-19 04:00:00,135.07,136.13,134.95,135.25,1681766.0,0.009561436741173823,0.0026688412780784265,-0.0028929902773766215,127.18403191048458,0.28929902773765503,486533.26868224517,none,False,0.0
2024-08-20 04:00:00,135.19,136.34,134.535,135.81,2106872.0,-0.0016261324851235548,0.0041404805914972975,0.007271141108492479,128.10880495325273,0.7271141108492474,1531936.3609531755,none,False,0.0
2024-08-21 04:00:00,135.35,135.57,133.38,134.96,2410507.0,0.003436549131913269,-0.006258743833296498,-0.007061674155497107,127.20414231622273,0.7061674155497077,1702221.4983544794,none,False,0.0
2024-08-22 04:00:00,137.33,138.49,136.11,136.88,2723769.0,-0.007848453497912966,0.014226437462951935,0.022191702797298773,130.02701883708966,2.2191702797298873,6044507.213649595,none,False,0.0
2024-08-23 04:00:00,136.57,137.145,135.92,136.97,2112195.0,0.010625292150587828,0.0006575102279369194,-0.005730913281990896,129.28184526781848,0.5730913281991046,1210480.6379655078,none,False,0.0
2024-08-26 04:00:00,135.24,135.7199,134.62,135.3,1781087.0,-0.0023837902264601807,-0.012192450901657215,-0.008473107197368913,128.1864263341906,0.8473107197368934,1509134.1078840243,none,False,0.0
2024-08-27 04:00:00,133.91,135.5,133.77,135.18,2124429.0,0.0013730630004100686,-0.0008869179600887733,-8.656552471408775e-05,128.17532980893375,0.00865655247140884,18390.23111028261,none,False,0.0
2024-08-28 04:00:00,134.66,135.17,134.1,134.48,2765436.0,-0.005805256784671253,-0.0051782808107709855,0.0011994661920188615,128.32907178369044,0.11994661920189387,331704.69881920854,none,False,0.0
2024-08-29 04:00:00,136.47,137.88,135.7419,137.52,2754942.0,8.955758552753323e-05,0.022605591909577782,0.024403199460709714,131.46071171903557,2.440319946070968,6722939.912868644,none,False,0.0
2024-08-30 04:00:00,138.21,139.735,137.85,139.16,2713458.0,0.0095459837019789,0.011925538103548572,0.00637571321531319,132.29886751603712,0.6375713215313272,1730023.0029797521,none,False,0.0
2024-09-03 04:00:00,138.56,138.62,135.83,136.26,2309750.0,-0.02057905194436549,-0.0208393216441507,-0.002982664906100354,131.9042643267802,0.29826649061004407,688921.0266865493,none,False,0.0
2024-09-04 04:00:00,134.04,134.91,133.63,134.53,1811597.0,-0.0020468048108969183,-0.01269631586672526,-0.00923880232357952,130.68562690302792,0.923880232357932,1673698.6572989326,none,False,0.0
2024-09-05 04:00:00,132.01,132.66,130.53,130.89,2883491.0,-0.002432162628187684,-0.027057161971307586,-0.023300233988429675,127.64062121726276,2.330023398842962,6718601.500353091,none,False,0.0
2024-09-06 04:00:00,133.76,134.16,130.57,131.14,2591817.0,-0.01683011590036576,0.0019100007640002747,0.01685381770786275,129.79185297937687,1.6853817707862762,4368201.125013974,none,False,0.0
2024-09-09 04:00:00,132.03,132.94,130.91,131.91,1881805.0,0.011196239544007724,0.005871587616288032,-0.0009604492997962082,129.6671944850636,0.09604492997961067,180737.82946028127,none,False,0.0
2024-09-10 04:00:00,129.23,130.12,128.4,129.78,2246709.0,0.004355703592540339,-0.016147373209006055,-0.01766446607185736,127.37669272744925,1.7664466071857343,3968691.490383654,none,False,0.0
2024-09-11 04:00:00,133.14,135.82,130.98,135.23,3930305.0,0.010258933289600813,0.041994143935891515,0.035890373099872155,131.94828975366516,3.5890373099872086,14106011.284629276,none,False,0.0
2024-09-12 04:00:00,135.24,136.965,134.65,136.66,2170771.0,0.008423217055661958,0.010574576647193634,0.005897116432186879,132.72640418137044,0.5897116432186822,1280128.933461462,none,False,0.0
2024-09-13 04:00:00,136.86,137.89,136.3662,137.0,2375332.0,0.005222772719955637,0.002487926240304361,0.000297139980445291,132.76584250251346,0.029713998044522683,70580.61040309216,none,False,0.0
2024-09-16 04:00:00,138.06,138.2215,136.77,136.9,1776310.0,0.0014768420490738343,-0.0007299270072992359,-1.0208580934813975e-05,132.7644871516649,0.0010208580934811806,1813.360440031556,none,False,0.0
2024-09-17 04:00:00,133.6,135.16,131.8,132.0,3515829.0,0.0004086418875701714,-0.035792549306062904,-0.03424286314963656,128.21825098699875,3.4242863149636538,12039205.130452348,none,False,0.0
2024-09-18 04:00:00,132.83,133.27,131.3,132.06,2839007.0,-0.002965883460315899,0.00045454545454548523,0.00462616263472202,128.81140946880421,0.4626162634721931,1313370.8103114006,none,False,0.0
2024-09-19 04:00:00,134.66,135.2,133.63,134.88,2653850.0,0.017064481653010333,0.021353930031803747,0.009962399719082365,130.0946802183108,0.9962399719082082,2643871.4494485985,none,False,0.0
2024-09-20 04:00:00,129.1,129.48,126.13,127.51,9683501.0,-0.004781253283827835,-0.05464116251482798,-0.049059043421300116,123.71235965260054,4.9059043421300075,47506329.60292027,none,False,0.0
2024-09-23 04:00:00,124.0,125.2732,122.9415,123.7,7069896.0,0.002498900131984172,-0.029880009411026642,-0.029954407347526694,120.00662923764283,2.9954407347526635,21177454.468864918,none,False,0.0
2024-09-24 04:00:00,124.32,126.66,123.77,125.44,4974076.0,0.0028613056681938698,0.014066289409862431,0.013710310444740895,121.65195737991783,1.3710310444740914,6819612.613573511,none,False,0.0
2024-09-25 04:00:00,127.37,127.61,126.4,126.95,2943638.0,-0.002205496236653226,0.012037627551020558,0.015618440796939092,123.55197127408783,1.5618440796939081,4597503.583062016,none,False,0.0
2024-09-26 04:00:00,125.6,125.62,123.98,124.3,4369528.0,0.003964634060767747,-0.020874359984245805,-0.02208760053244778,120.82300468758933,2.2087600532447627,9651238.897934482,none,False,0.0
2024-09-27 04:00:00,120.55,121.34,119.15,120.76,9655278.0,-0.001450288310326675,-0.028479485116653214,-0.025485451606337507,117.74377584869148,2.548545160633753,24606912.021473538,none,False,0.0
2024-09-30 04:00:00,117.59,119.12,117.49,119.07,6852177.0,0.004007209477312923,-0.013994700231864998,-0.015241020930304638,115.94924049656848,1.524102093030466,10443417.30751522,none,False,0.0
2024-10-01 04:00:00,118.79,118.92,117.3206,118.01,3978362.0,-0.008958449525934165,-0.008902326362643764,-7.4618841003413e-05,115.94058849862738,0.007461884100357086,29686.076153264818,none,False,0.0
2024-10-02 04:00:00,116.68,116.79,115.4,116.48,5958588.0,0.0004220744961485057,-0.012965002965850347,-0.011425753647062071,114.61587989674666,1.142575364706211,6808135.857234051,none,False,0.0
2024-10-03 04:00:00,116.24,116.33,115.03,115.08,4306772.0,-0.001828217839187074,-0.012019230769230838,-0.008731554433819415,113.6151051024481,0.8731554433819566,3760481.4152049962,none,False,0.0
2024-10-04 04:00:00,114.24,115.16,113.79,115.12,6310401.0,0.009087386847944634,0.0003475842891902392,-0.004845921059249742,113.06453527198327,0.4845921059249747,3057970.509821066,none,False,0.0
2024-10-07 04:00:00,117.14,118.5493,117.02,117.77,4245268.0,-0.009040455164229244,0.023019457956914513,0.03191088203273722,116.6725243191338,3.1910882032737398,13547024.634535503,none,False,0.0
2024-10-08 04:00:00,117.44,117.8866,116.59,117.2,3808005.0,0.009457555477280666,-0.004839942260337904,-0.010321060387826417,115.46834015003586,1.0321060387826542,3930264.956214541,none,False,0.0
2024-10-09 04:00:00,116.54,117.16,115.82,117.0,3971351.0,0.0069263918209256925,-0.0017064846416382506,-0.005220944992813586,114.86548629770104,0.5220944992813559,2073420.5118155119,none,False,0.0
2024-10-10 04:00:00,117.98,118.44,117.115,117.53,2911320.0,-0.0017500086634092415,0.004529914529914469,0.0077568240779487315,115.75647766754031,0.7756824077948421,2258259.70746128,none,False,0.0
2024-10-11 04:00:00,119.92,120.56,119.48,120.04,4115753.0,0.0059882318226789355,0.0213562494682209,0.01857071853705585,117.9061586331452,1.857071853705583,7643249.053104314,none,False,0.0
2024-10-14 04:00:00,119.6,120.4729,119.55,119.78,2477313.0,0.008178336036440248,-0.0021659446851050035,-0.0066531378031918385,117.12171271191387,0.6653137803191989,1648190.4770638954,none,False,0.0
2024-10-15 04:00:00,118.99,119.0872,117.1434,117.81,3613939.0,-0.0077697152245346235,-0.016446819168475568,-0.00854273171855521,116.1211733417983,0.8542731718555241,3087291.132422381,none,False,0.0
2024-10-16 04:00:00,116.95,118.06,116.4402,118.03,3018985.0,0.00434647624961193,0.0018674136321195078,0.0003574902091735613,116.16268552434575,0.03574902091736387,107925.75791420777,none,False,0.0
2024-10-17 04:00:00,118.59,119.0681,118.115,118.22,2998334.0,8.586639189434031e-05,0.001609760230449897,0.003410235756809099,116.55882766812783,0.3410235756809099,1022502.5817656453,none,False,0.0
2024-10-18 04:00:00,117.76,118.265,117.14,118.09,3193441.0,0.0038464840731518013,-0.0010996447301641066,-0.002221085369919695,116.29994056125916,0.22210853699197175,709290.5084801792,none,False,0.0
2024-10-21 04:00:00,117.95,117.96,116.88,117.33,3230592.0,-0.00164217656819321,-0.006435769328478336,-0.0032926429163390248,115.9170063857995,0.3292642916338906,1063718.5864381138,none,False,0.0
2024-10-22 04:00:00,115.0,116.65,114.76,116.47,4665725.0,-0.0005311584394221969,-0.0073297536861842705,-0.005049863610852572,115.33164131337288,0.5049863610852579,2356127.489574515,none,False,0.0
2024-10-23 04:00:00,116.33,116.435,114.9501,115.74,3220687.0,-0.009137351710896358,-0.006267708422769802,0.0026990021113276665,115.64292165678054,0.2699002111327564,869264.1012925239,none,False,0.0
2024-10-24 04:00:00,115.21,115.26,113.91,113.92,4499880.0,0.0021626671741725723,-0.015724900639364048,-0.01553805305763269,113.84605580433782,1.5538053057632784,6991937.419298061,none,False,0.0
2024-10-25 04:00:00,113.9,114.19,113.1,113.38,4564363.0,-0.00034528002209799347,-0.004740168539325906,-0.002604701853592752,113.54952077176004,0.2604701853592739,1188880.4766570115,none,False,0.0
2024-10-28 04:00:00,112.41,112.72,111.67,112.36,5356036.0,0.0030913235700471553,-0.008996295642970553,-0.009530993393910324,112.4672810394027,0.9530993393910392,5104834.373354624,none,False,0.0
2024-10-29 04:00:00,111.62,113.27,111.15,111.98,8243374.0,0.0016183737065922355,-0.0033819864720541215,-0.002772234990795845,112.15549530758562,0.2772234990795708,2285256.984501558,none,False,0.0
2024-10-30 04:00:00,108.89,113.76,107.24,113.24,11109242.0,-0.003025250528559398,0.011252009287372688,0.015469753357102515,113.89051315763763,1.5469753357102434,17185723.372436337,none,False,0.0
2024-10-31 04:00:00,110.21,112.16,109.63,111.95,8455278.0,-0.019603110291201875,-0.01139173436948071,0.005706637444320158,114.54044502457586,0.5706637444320428,4825120.603693875,none,False,0.0
2024-11-01 04:00:00,112.88,113.02,111.79,111.94,4554729.0,0.004220596510973618,-8.932559178209676e-05,-0.0015014432619266567,114.36846904517562,0.15014432619268048,683866.7166952613,none,False,0.0
2024-11-04 05:00:00,110.19,110.66,109.44,109.72,6215011.0,-0.0021539646959932712,-0.019832052885474405,-0.016291278498722424,112.50526046448815,1.6291278498722472,10125047.507362366,none,False,0.0
2024-11-05 05:00:00,107.975,110.3,107.7501,110.13,6604271.0,0.012091749881539604,0.003736784542471616,-0.0037910439573192603,112.07874807663762,0.3791043957319218,2503708.166704855,none,False,0.0
2024-11-06 05:00:00,108.27,108.75,105.03,105.36,12044632.0,0.024865614704352224,-0.04331244892399888,-0.06076528583811518,105.26825091338263,6.076528583811525,73189550.62949097,surprising_negative,True,3.719999999999999
2024-11-07 05:00:00,106.1,107.74,105.59,107.63,8363150.0,0.007732133188955048,0.02154517843583892,0.017404674990550068,107.10041060735374,1.7404674990550095,14555790.764721902,none,False,0.0
2024-11-08 05:00:00,107.15,107.87,106.425,107.2,5222612.0,0.004331693557865224,-0.0039951686332806435,-0.005493606234041403,106.51204312397277,0.5493606234041493,2869097.3841179907,none,False,0.0
2024-11-11 05:00:00,109.67,110.61,108.93,109.09,4941863.0,0.0009528745047560072,0.01763059701492531,0.018757426551225746,108.5099349496917,1.8757426551225809,9269663.224872043,none,False,0.0
2024-11-12 05:00:00,106.81,107.61,105.7,107.06,5135444.0,-0.0031064199345314236,-0.018608488404070034,-0.0143276775140448,106.95523959466253,1.4327677514044845,7357898.552343652,none,False,0.0
2024-11-13 05:00:00,106.88,107.79,106.55,106.91,3157083.0,0.0004858435248786819,-0.0014010835045769054,8.861869941882575e-05,106.96471782889145,0.008861869941889644,27977.658941750782,none,False,0.0
2024-11-14 05:00:00,106.83,107.0,105.0,105.32,4467141.0,-0.006430114368961348,-0.014872322514264402,-0.008009075087925473,106.10802937204109,0.8009075087925588,3577766.7697350997,none,False,0.0
2024-11-15 05:00:00,101.67,102.34,100.32,101.74,8076248.0,-0.012808628971096359,-0.03399164451196357,-0.02217243332874904,103.75535616514455,2.2172433328749186,17907007.032644395,none,False,0.0
2024-11-18 05:00:00,100.32,101.0,99.42,99.81,8790052.0,0.0040973111395645745,-0.018969923333988503,-0.02028625101687621,101.65054896563304,2.02862510168762,17831720.132339466,none,False,0.0
2024-11-19 05:00:00,101.18,103.12,101.14,102.63,5778724.0,0.0036555300518574807,0.028253681995791924,0.02728060837685456,104.42363778325677,2.7280608376854643,15764710.636193097,none,False,0.0
2024-11-20 05:00:00,103.43,105.74,103.0,105.27,7520708.0,0.0003388107741826296,0.025723472668810254,0.027327416044767787,107.27726597786796,2.732741604476785,20552151.646721393,none,False,0.0
2024-11-21 05:00:00,103.18,103.22,101.5113,102.63,6185447.0,0.005368331922099845,-0.025078369905956133,-0.027382252423377263,104.33977280157221,2.7382252423377107,16937147.110542066,none,False,0.0
2024-11-22 05:00:00,103.91,106.24,103.86,105.06,6143345.0,0.003099364967069196,0.023677287342882325,0.02313634160558809,106.75381342815884,2.3136341605588084,14213452.852098154,none,False,0.0
2024-11-25 05:00:00,105.31,105.92,104.0001,104.56,4294622.0,0.0033920505113262944,-0.004759185227489082,-0.0055275411127532,106.16372733549152,0.5527541112753109,2373869.9668733985,none,False,0.0
2024-11-26 05:00:00,106.67,107.7,105.63,106.13,6761371.0,0.005221495155054878,0.015015302218821747,0.012825508598431292,107.52533113327436,1.2825508598431234,8671802.189768359,none,False,0.0
2024-11-27 05:00:00,105.79,106.13,104.961,106.13,3990584.0,-0.003030050778323412,0.0,0.004221473756865205,107.97924649685172,0.4221473756865102,1684614.5630565765,none,False,0.0
2024-11-29 05:00:00,105.43,107.4,105.3485,106.8,2775149.0,0.006212113621561821,0.006313012343352575,0.003353530241688314,108.3413581654536,0.3353530241688052,930654.6096690355,none,False,0.0
2024-12-02 05:00:00,108.93,109.14,108.15,108.67,4948303.0,0.0017923823749066425,0.017509363295880265,0.01798391391810786,110.28975982447203,1.798391391810794,8898985.519271528,none,False,0.0
2024-12-03 05:00:00,110.78,110.88,109.05,109.2,4828723.0,0.0004638603117803619,0.004877151007637748,0.006383933678508711,110.99384233661011,0.6383933678508757,3082624.7383889845,none,False,0.0
2024-12-04 05:00:00,110.22,110.52,108.96,108.97,4485590.0,0.0062095345332913165,-0.0021062271062270987,-0.00506370531375743,110.43180222737587,0.5063705313757438,2271370.591833723,none,False,0.0
2024-12-05 05:00:00,108.62,109.3243,108.23,108.82,3914363.0,-0.0016456571108843798,-0.0013765256492612732,0.001769305067015857,110.62718977461645,0.17693050670157806,692570.2290039092,none,False,0.0
2024-12-06 05:00:00,109.93,111.3061,109.75,110.77,5772653.0,0.0018956252266508766,0.017919500091894802,0.01831383331817419,112.65319768860682,1.8313833318174266,10571940.484565863,none,False,0.0
2024-12-09 05:00:00,111.72,111.99,110.3,111.08,4908910.0,-0.0051496355769072855,0.0027985916764468044,0.008666935605544594,113.62955569873267,0.8666935605544657,4254520.686341422,none,False,0.0
2024-12-10 05:00:00,111.55,111.55,108.7,109.19,4621729.0,-0.0031090824899120406,-0.017014764133957527,-0.012731884497713133,112.18283732004994,1.273188449771323,5884331.980773167,none,False,0.0
2024-12-11 05:00:00,110.45,112.52,110.02,111.69,6545662.0,0.0077305905773059624,0.022895869585126905,0.018756564714725886,114.28700196812503,1.8756564714725865,12277413.290372193,none,False,0.0
2024-12-12 05:00:00,110.88,111.1691,108.41,108.61,3650826.0,-0.005152602640503101,-0.027576327334586814,-0.021705678063169937,111.80632509660005,2.170567806316981,7924365.382064998,none,False,0.0
2024-12-13 05:00:00,107.04,107.61,104.14,106.95,6250388.0,-0.0001985670080916213,-0.015284043826535254,-0.013262569884478534,110.32348589647967,1.3262569884478492,8289620.765510576,none,False,0.0
2024-12-16 05:00:00,109.29,109.88,107.87,108.05,5346878.0,0.0042700385627512105,0.010285179990649818,0.008834646947654453,111.29815494440957,0.8834646947654123,4723777.940217898,none,False,0.0
2024-12-17 05:00:00,107.75,108.99,107.726,108.01,5415450.0,-0.004120041530018659,-0.0003701989819526741,0.004698173308142054,111.82105296521488,0.46981733081421506,2544272.264157841,none,False,0.0
2024-12-18 05:00:00,108.39,109.04,105.4759,105.96,3760940.0,-0.0298035711330652,-0.018979724099620565,0.006044178560936114,112.49691937620854,0.6044178560936198,2273179.2916967385,none,False,0.0
2024-12-19 05:00:00,104.27,104.75,102.74,103.44,5344382.0,-0.00030702053626241455,-0.023782559456398622,-0.021676819538884257,110.05834395621005,2.167681953888423,11584920.416086117,none,False,0.0
2024-12-20 05:00:00,82.72,86.53,81.5,85.0,53762446.0,0.008616277085821356,-0.17826759474091258,-0.18309505829871187,89.9072050532881,18.309505829871185,984363818.4651347,negative_anticipated,True,5.030000000000001
2024-12-23 05:00:00,88.87,89.1,85.99,88.71,18997927.0,0.0059883278355747915,0.04364705882352937,0.040861453292483044,93.58094411323073,4.086145329248314,77628290.67645043,positive_anticipated,True,3.1099999999999994
2024-12-24 05:00:00,88.9,88.98,87.07,87.37,4774877.0,0.011115034723973682,-0.015105399616728521,-0.021874342196580056,91.5339225186189,2.187434219657991,10444729.344457889,none,False,0.0
2024-12-26 05:00:00,87.17,88.06,86.87,87.65,6292075.0,6.652253450867285e-05,0.003204761359734576,0.005020266632375059,91.99344721556952,0.5020266632375092,3158789.417090151,none,False,0.0
2024-12-27 05:00:00,87.73,88.77,87.02,87.37,6066026.0,-0.010526490837130531,-0.00319452367370221,0.006851517016756431,92.6237418845971,0.6851517016756681,4156148.036308846,none,False,0.0
2024-12-30 05:00:00,86.97,87.005,85.66,85.73,6109989.0,-0.01141157291474082,-0.01877074510701615,-0.008037015358508082,91.87932344850809,0.8037015358508204,4910607.543331618,none,False,0.0
2024-12-31 05:00:00,85.415,86.05,85.0,86.02,4202390.0,-0.003638094590459273,0.003382713169252316,0.008076623423249494,92.62139814438461,0.807662342324944,3394112.1507629217,none,False,0.0
2025-01-02 05:00:00,87.91,88.51,87.185,87.52,4571212.0,-0.002457002457002533,0.017437805161590436,0.021214033138120817,94.58627155391866,2.121403313812076,9697384.284937527,none,False,0.0
2025-01-03 05:00:00,87.49,88.1935,87.34,87.65,3768991.0,0.012503420908593466,0.0014853747714809185,-0.006362312945870077,93.98448409390959,0.6362312945870086,2397950.023216784,none,False,0.0
2025-01-06 05:00:00,86.11,86.34,84.795,85.03,10695664.0,0.005760621674127719,-0.02989161437535659,-0.032500297291383554,90.9299604200802,3.2500297291383595,34761225.9728749,none,False,0.0
2025-01-07 05:00:00,84.1,84.81,82.64,83.34,9567948.0,-0.011304084923407731,-0.019875338115959096,-0.009225124142294254,90.09112024695106,0.9225124142294261,8826550.808701608,none,False,0.0
2025-01-08 05:00:00,85.505,85.7999,84.68,85.64,9196402.0,0.0014610196558109134,0.027597792176625724,0.028329804250092846,92.64338404821876,2.8329804250092794,26053226.84651619,none,False,0.0
2025-01-10 05:00:00,87.22,87.28,85.84,86.26,6774724.0,-0.01526743456207913,0.007239607659972114,0.020969256014567405,94.58604688638174,2.096925601456734,14206092.19840337,none,False,0.0
2025-01-13 05:00:00,84.42,84.72,83.69,84.62,7412352.0,0.0015504143051559005,-0.019012288430326874,-0.01834973400802889,92.85041808514568,1.8349734008028973,13601468.757388158,none,False,0.0
2025-01-14 05:00:00,82.92,83.68,80.05,81.18,13694896.0,0.0013760126593165278,-0.04065232805483332,-0.0398542674387218,89.14993269098316,3.985426743872167,54580004.77294796,none,False,0.0
2025-01-15 05:00:00,83.36,83.815,82.71,82.92,9021498.0,0.01818993799275126,0.02143385070214343,0.0091678658843191,89.96724731749016,0.916786588431906,8270788.373965262,none,False,0.0
2025-01-16 05:00:00,82.74,83.99,82.19,83.07,6322359.0,-0.0019231418064037387,0.0018089725036178894,0.005170402647012628,90.43241421116494,0.5170402647012518,3268914.170896341,none,False,0.0
2025-01-17 05:00:00,79.94,80.88,78.17,78.69,21265290.0,0.010039889121763235,-0.05272661610689777,-0.05866019450397615,85.12763120407388,5.866019450397597,124742604.75834551,surprising_negative,True,2.7099999999999937
2025-01-21 05:00:00,79.68,81.105,79.3199,81.03,8094304.0,0.009153586130727032,0.029736942432329494,0.024492001715835186,87.21257729358904,2.449200171583521,19824570.74564918,none,False,0.0
2025-01-22 05:00:00,81.73,81.8,80.43,80.57,5910356.0,0.005621424425835464,-0.005676909786498929,-0.008177439541386724,86.4994017155222,0.8177439541386722,4833157.885807226,none,False,0.0
2025-01-23 05:00:00,81.33,81.72,80.3251,81.1,6765777.0,0.005458083239891831,0.006578130817922245,0.00420451352589387,86.86308962001684,0.4204513525893905,2844680.0909681884,none,False,0.0
2025-01-24 05:00:00,89.97,89.97,86.57,87.97,27095411.0,-0.002919229192291928,0.0847102342786683,0.08884560213186941,94.58049312034177,8.884560213186955,240730810.53054816,positive_anticipated,True,3.4000000000000057
2025-01-27 05:00:00,85.74,88.46,85.34,87.51,10288940.0,-0.014145434807638524,-0.005229055359781687,0.007628824179489464,95.30203107316628,0.7628824179489513,7849251.425331683,none,False,0.0
2025-01-28 05:00:00,86.07,86.86,84.6,85.19,9534269.0,0.00859235530640512,-0.026511255856473626,-0.03132013272455254,92.31715881103527,3.1320132724552585,29861457.051158726,none,False,0.0
2025-01-29 05:00:00,85.62,85.67,83.9,84.03,6843913.0,-0.004482895520412922,-0.01361662166920996,-0.008266319911582191,91.55403564297492,0.826631991158211,5657397.430503565,none,False,0.0
2025-01-30 05:00:00,84.6,86.47,83.94,85.34,5798825.0,0.0053671424535983725,0.015589670355825369,0.01328671202893306,92.7704877496498,1.3286712028933056,7704731.788117773,none,False,0.0
2025-01-31 05:00:00,84.87,85.44,84.29,84.45,6546154.0,-0.005321962184318241,-0.010428872744316808,-0.004426634880040416,92.35982667273883,0.442663488004047,2897743.3626516443,none,False,0.0
2025-02-03 05:00:00,82.13,83.38,82.07,82.65,5460116.0,-0.006729586919677066,-0.02131438721136769,-0.014218456284229155,91.04661251477351,1.421845628422913,7763442.065282002,none,False,0.0
2025-02-04 05:00:00,81.62,83.44,81.27,82.62,9880721.0,0.006708265720929418,-0.0003629764065335994,-0.003707957637029596,90.70901553257369,0.37079576370295797,3663729.4891308546,none,False,0.0
2025-02-05 05:00:00,86.43,87.42,85.09,85.73,14099043.0,0.004054637907541014,0.03764221738077955,0.036359045848577264,94.00710878720183,3.6359045848577187,51262775.085806124,none,False,0.0
2025-02-06 05:00:00,86.72,88.95,86.67,87.17,10575995.0,0.003475555261328589,0.016796920564563056,0.01596368334871457,95.5078085044089,1.5963683348714675,16883183.527758967,none,False,0.0
2025-02-07 05:00:00,88.69,88.77,86.14,86.42,8700839.0,-0.009153582266789972,-0.008603877480784727,0.00037544383368718487,95.54366632218085,0.03754438336871502,326667.635045467,none,False,0.0
2025-02-10 05:00:00,85.7,85.92,83.65,83.91,9555036.0,0.006791284518201657,-0.0290442027308494,-0.032453687717483685,92.44292201197733,3.2453687717483692,31009615.44733145,none,False,0.0
2025-02-11 05:00:00,83.51,84.245,82.87,83.74,5046817.0,0.0007605191369759456,-0.002025980216899037,-0.0007496948447776128,92.37361802990878,0.07496948447774932,378357.2687435414,none,False,0.0
2025-02-12 05:00:00,81.02,82.36,80.53,81.79,6420873.0,-0.003221489815135925,-0.023286362550752226,-0.01891614492681546,90.62626528384072,1.8916144926815592,12145816.422467722,none,False,0.0
2025-02-13 05:00:00,79.54,80.14,78.7,78.83,10809249.0,0.010557544417926223,-0.036190243306027714,-0.04252602833683861,86.77229015831826,4.252602833683861,45967442.92739444,none,False,0.0
2025-02-14 05:00:00,78.58,79.0663,77.82,77.87,9875485.0,-4.9202105850132405e-05,-0.012178104782443189,-0.01027268404214763,85.8809058379083,1.027268404214754,10144773.716796739,none,False,0.0
2025-02-18 05:00:00,82.1,82.68,81.06,82.33,8712148.0,0.0029358701000492538,0.05727494542185685,0.0568610315541949,90.76418273466044,5.686103155419486,49538172.23328157,none,False,0.0
2025-02-19 05:00:00,82.94,83.63,82.56,83.4,5948149.0,0.0023549035961338838,0.012996477590185851,0.01303396175434773,91.94719962108864,1.303396175434779,7752794.657516205,none,False,0.0
2025-02-20 05:00:00,82.93,84.0,82.71,83.74,5015229.0,-0.00416034457442116,0.004076738609112507,0.009176425466909829,92.79094624530264,0.9176425466909777,4602187.511798445,none,False,0.0
2025-02-21 05:00:00,88.39,89.23,85.7401,88.08,15128831.0,-0.01710409908581534,0.051827083830905174,0.06698377960656134,99.00643453808226,6.698377960656132,101338628.14089127,positive_anticipated,True,3.4899000000000058
2025-02-24 05:00:00,88.86,91.1234,88.12,90.59,10476274.0,-0.004550455045504553,0.02849682107175311,0.03389961507540847,102.36271455891188,3.3899615075408507,35514165.60245102,none,False,0.0
2025-02-25 05:00:00,92.28,93.8,89.0,90.95,11465917.0,-0.00497312503139602,0.003973948559443663,0.009705147726661098,103.35615982540818,0.9705147726661423,11127841.830663856,none,False,0.0
2025-02-26 05:00:00,91.03,91.12,89.28,89.55,7387830.0,0.0005048465266557223,-0.015393073117097367,-0.013918135822167978,101.91763475490046,1.3918135822167832,10282482.137108617,none,False,0.0
2025-02-27 05:00:00,88.95,90.19,88.91,89.22,6953839.0,-0.015961920139940133,-0.003685092127303169,0.010584156050799605,102.99634690547472,1.0584156050799542,7360051.712813584,none,False,0.0
2025-02-28 05:00:00,89.86,90.715,89.38,90.65,5962470.0,0.015605503803093779,0.01602779645819341,0.00576985943439395,103.5906213493754,0.5769859434394009,3440261.3781791246,none,False,0.0
2025-03-03 05:00:00,90.66,90.74,89.0,89.37,4810878.0,-0.017519943451479336,-0.014120242691671225,0.0013595548926790546,103.7314584854666,0.13595548926790268,654065.2722981891,none,False,0.0
2025-03-04 05:00:00,88.3,88.65,86.33,87.5,5203611.0,-0.011836853555338478,-0.02092424751035027,-0.009860084177728845,102.70865757292131,0.9860084177728878,5130804.248815594,none,False,0.0
2025-03-05 05:00:00,91.5,91.9,90.29,90.86,8011740.0,0.010747841764032762,0.03839999999999999,0.031916358170363555,105.9867438752159,3.1916358170363646,25570556.34078292,none,False,0.0
2025-03-06 05:00:00,87.95,89.0305,87.46,88.04,5450864.0,-0.017751174836208805,-0.031036759850319062,-0.015377300630987523,104.35695385174722,1.5377300630987523,8381957.442662717,none,False,0.0
2025-03-07 05:00:00,88.37,88.55,86.35,87.17,5278177.0,0.005604930942361586,-0.009881871876419868,-0.01236958656206038,103.06610147772508,1.2369586562060442,6528886.72913765,none,False,0.0
2025-03-10 04:00:00,79.81,80.7,78.3,78.95,12603365.0,-0.026635643839421963,-0.09429849718939998,-0.07173600346666367,95.6725512648235,7.173600346666353,90411503.53316258,surprising_negative,True,2.4000000000000057
2025-03-11 04:00:00,78.88,79.27,77.0001,78.11,7355455.0,-0.00831281886617441,-0.010639645345155158,-0.0023135784639589027,95.4512053106252,0.2313578463958854,1701742.2280618474,none,False,0.0
2025-03-12 04:00:00,74.32,75.34,73.8,74.79,10858198.0,0.005306518923586134,-0.042504160798873314,-0.0447600159934072,91.17880783433162,4.476001599340718,48601311.61395818,none,False,0.0
2025-03-13 04:00:00,76.02,77.34,75.4,75.89,8228170.0,-0.013330470413513096,0.014707848642866672,0.026932519002201512,93.63448280892784,2.6932519002201616,22160534.487834528,none,False,0.0
2025-03-14 04:00:00,75.75,77.55,75.24,77.15,6505934.0,0.020655761488520552,0.01660297799446564,0.0024211032495735745,93.86118155952869,0.2421103249573786,1575153.794891258,none,False,0.0
2025-03-17 04:00:00,79.64,80.56,79.35,80.15,5995754.0,0.007711305769265042,0.03888528839922234,0.03476096739507713,97.12388703138288,3.476096739507706,20841820.930290285,none,False,0.0
2025-03-18 04:00:00,82.21,82.57,80.21,80.98,5696385.0,-0.010808428105439472,0.010355583281347558,0.020620682948794967,99.1266479126116,2.0620682948794933,11746334.903927123,none,False,0.0
2025-03-19 04:00:00,80.15,80.23,78.48,79.0,6920565.0,0.010890877330576476,-0.024450481600395202,-0.031045258878949093,96.04923546636213,3.1045258878949156,21485073.201359477,none,False,0.0
2025-03-20 04:00:00,79.22,79.56,78.49,78.79,4572466.0,-0.002891753213548953,-0.0026582278481012134,0.0014557917816766354,96.18906315399039,0.1455791781676652,665655.8424795914,none,False,0.0
2025-03-21 04:00:00,75.96,77.29,75.52,76.86,5880455.0,-0.002670250579143718,-0.02449549435207521,-0.02055357733499615,94.21203380567403,2.0553577334996076,12086438.660746435,none,False,0.0
2025-03-24 04:00:00,74.97,76.0,74.895,75.33,8083188.0,0.017908436469378453,-0.01990632318501173,-0.03195358758995594,91.20162133143653,3.1953587589955923,25828685.576408062,none,False,0.0
2025-03-25 04:00:00,75.88,76.05,73.2,73.6,8895588.0,0.0024038461538462563,-0.022965617947696804,-0.022966161060623876,89.10707020694873,2.296616106062377,20429750.673695207,none,False,0.0
2025-03-26 04:00:00,72.555,72.86,71.6,71.73,7613813.0,-0.011938275466583215,-0.025407608695652062,-0.014264642797286927,87.83598967973386,1.4264642797286786,10860832.27703385,none,False,0.0
2025-03-27 04:00:00,70.155,70.64,69.77,70.16,7970846.0,-0.0026556921507588926,-0.02188763418374473,-0.01795702874121441,86.25871628854186,1.795702874121441,14313271.071379391,none,False,0.0
2025-03-28 04:00:00,70.17,70.35,69.18,69.3,5867021.0,-0.020138252098469533,-0.01225769669327248,0.00525646838385645,86.71213250354462,0.5256468383856516,3083981.039392224,none,False,0.0
2025-03-31 04:00:00,67.72,69.63,66.88,69.44,6805334.0,0.006712738005254959,0.002020202020202033,-0.001328254075589468,86.59695676014374,0.13282540755894523,903921.2621247469,none,False,0.0
2025-04-01 04:00:00,69.98,70.0,67.64,68.03,6213757.0,0.0028245052646633795,-0.020305299539170485,-0.020632685410521497,84.81022899380316,2.0632685410521434,12820649.339842543,none,False,0.0
2025-04-02 04:00:00,67.51,68.72,67.32,68.24,7337234.0,0.006328324152806708,0.0030868734381890306,3.709834247500425e-05,84.81337531272375,0.0037098342474894963,27219.921975044348,none,False,0.0
2025-04-03 04:00:00,68.43,68.54,67.0,67.1,8822513.0,-0.049280804931623234,-0.01670574443141848,0.023451535012117768,86.80237915336598,2.345153501211783,20690147.251436472,none,False,0.0
2025-04-04 04:00:00,65.23,65.47,62.365,62.55,10862538.0,-0.05854294764300372,-0.06780923994038746,-0.020455481935330533,85.0267946546506,2.045548193533042,22219844.983084027,none,False,0.0
2025-04-07 04:00:00,61.44,65.28,60.6076,63.64,14551902.0,-0.0017811906269790123,0.01742605915267781,0.020677196391790536,86.78491038628924,2.067719639179044,30089253.552808814,none,False,0.0
2025-04-08 04:00:00,64.92,65.05,60.83,61.6,8100539.0,-0.01566279392521508,-0.032055311125078534,-0.01801847735242567,85.2211784439616,1.8018477352425566,14595937.851394003,none,False,0.0
2025-04-09 04:00:00,60.49,65.3,59.515,65.09,13243325.0,0.10501933612632941,0.05665584415584424,-0.023074648783870708,83.25472968241961,2.3074648783870777,30558507.310565546,none,False,0.0
2025-04-10 04:00:00,63.12,63.24,59.32,61.21,9983981.0,-0.04381903685611166,-0.05960977108618837,-0.023696163769958256,81.28191197324139,2.36961637699582,23658204.885215104,none,False,0.0
2025-04-11 04:00:00,63.73,65.0,63.23,64.73,11392138.0,0.017842845705135613,0.05750694330991668,0.04551064146767704,84.98110392686287,4.551064146767714,51846350.80683005,none,False,0.0
2025-04-14 04:00:00,66.48,66.75,65.33,66.06,8067341.0,0.009701464584035646,0.020546887069365027,0.01487625699929274,86.2453046689625,1.4876256999292847,12001183.801693216,none,False,0.0
2025-04-15 04:00:00,65.64,65.9455,63.86,64.49,5945621.0,-0.002800860661819282,-0.023766273085074285,-0.019722874943250923,84.54429931053397,1.9722874943250979,11726473.944296682,none,False,0.0
2025-04-16 04:00:00,64.33,64.41,62.4,62.88,6302636.0,-0.022228009151615602,-0.024965110869902163,-0.00582725111429739,84.05163844816917,0.5827251114297383,3672704.26540108,none,False,0.0
2025-04-17 04:00:00,57.91,59.06,57.28,58.08,32220629.0,0.0014267777650953661,-0.07633587786259544,-0.07557726060282109,77.6992458650778,7.5577260602821,243514687.47198117,negative_anticipated,True,1.7800000000000011
2025-04-21 04:00:00,58.25,59.3,57.0,58.33,13419321.0,-0.02380273930966348,0.004304407713498604,0.02466579772292329,79.61575974680947,2.466579772292299,33099825.736497264,none,False,0.0
2025-04-22 04:00:00,59.01,60.18,58.92,59.91,11697878.0,0.026017747334007968,0.0270872621292646,0.008739243827027562,80.31154128371088,0.873924382702751,10223060.810082091,none,False,0.0
2025-04-23 04:00:00,61.77,62.43,60.89,61.3,9128730.0,0.015495495495495337,0.023201468869971542,0.013029005850610452,81.35792082496789,1.3029005850610398,11893827.657864265,none,False,0.0
2025-04-24 04:00:00,62.475,62.74,61.8419,62.63,7891068.0,0.021048896193642586,0.0216965742251225,0.007209242571892777,81.94444981133994,0.7209242571892815,5688862.336330109,none,False,0.0
2025-04-25 04:00:00,60.67,62.27,60.5701,62.08,7835183.0,0.007225301359088165,-0.008781733993293961,-0.012528440397056804,80.91781365600895,1.2528440397056917,9816262.32155336,none,False,0.0
2025-04-28 04:00:00,62.19,63.2461,61.97,62.62,6280331.0,0.0003813744006975206,0.008698453608247503,0.010269325994558263,81.74878506320943,1.026932599455832,6449476.639273045,none,False,0.0
2025-04-29 04:00:00,65.26,65.41,64.155,65.16,10923695.0,0.006299355541435903,0.04056212072820187,0.03753485359821276,84.81721374238876,3.7534853598212736,41001929.25765285,none,False,0.0
2025-04-30 04:00:00,66.475,66.64,65.4008,66.45,9242889.0,0.0003968826670512904,0.01979742173112342,0.02135624453994234,86.62859090026778,2.135624453994245,19739339.77395441,none,False,0.0
2025-05-01 04:00:00,68.81,68.83,64.18,65.6,16439484.0,0.007086954953655411,-0.012791572610985846,-0.016430786939557823,85.20521498031137,1.6430786939557795,27011365.900026936,none,False,0.0
2025-05-02 04:00:00,69.75,69.86,68.53,69.23,13466293.0,0.014844127706054033,0.055335365853658613,0.04566900109670281,89.09645203669201,4.566900109670291,61499214.978552274,positive_anticipated,True,1.3299999999999983
2025-05-05 04:00:00,69.17,69.79,68.89,69.12,8811354.0,-0.005734349636530411,-0.0015889065434060434,0.004733747184819252,89.51821211569808,0.4733747184819226,4171072.2191945626,none,False,0.0
2025-05-06 04:00:00,67.96,68.1163,65.99,66.29,10554677.0,-0.008358325495554708,-0.04094328703703698,-0.03258186251852641,86.60154203564012,3.258186251852635,34389103.494145215,none,False,0.0
2025-05-07 04:00:00,69.35,69.67,66.82,67.55,14195448.0,0.004205440229062329,0.019007391763463444,0.017607050186739786,88.1263397325107,1.7607050186739803,24993996.535925515,none,False,0.0
2025-05-08 04:00:00,65.91,65.96,64.4,64.85,12047123.0,0.006967833912500998,-0.039970392301998614,-0.04351705223515619,84.2913412030779,4.351705223515623,52425528.0874352,none,False,0.0
2025-05-09 04:00:00,67.0,67.44,65.59,65.77,13071343.0,-0.0012742009698083478,0.014186584425597504,0.017043801994884974,85.72798613242645,1.7043801994884866,22278538.189922433,none,False,0.0
2025-05-12 04:00:00,64.09,67.75,64.04,67.74,18259670.0,0.033047453662685466,0.029952866048350346,0.00614292252378279,86.25460650935787,0.614292252378279,11216773.81198409,none,False,0.0
2025-05-13 04:00:00,66.61,66.63,64.95,65.4,10357009.0,0.006603886859122943,-0.03454384410983158,-0.03780772528986698,82.99351604146649,3.780772528986698,39157495.10966799,none,False,0.0
2025-05-14 04:00:00,66.5,66.83,64.09,64.41,10176137.0,0.0012780314906959411,-0.01513761467889918,-0.014263424877416287,81.8097442600964,1.4263424877416275,14514656.564179622,none,False,0.0
2025-05-15 04:00:00,65.2,66.3,64.78,66.15,9074669.0,0.004884358140880618,0.027014438751746805,0.025086593081242618,83.86207202442996,2.5086593081242725,22765252.854996786,none,False,0.0
2025-05-16 04:00:00,64.4,64.7,63.13,64.37,19012644.0,0.006334044643159675,-0.026908541194255453,-0.029962760983543023,81.3493328047773,2.9962760983543,56967130.783719294,none,False,0.0
2025-05-19 04:00:00,65.37,67.03,64.87,67.02,11194289.0,0.0010939077751599413,0.04116824607736502,0.04218549590424509,84.78109475062632,4.218549590424536,47223663.27604389,none,False,0.0
2025-05-20 04:00:00,69.445,70.0,67.6524,68.2,12559077.0,-0.003362192149281351,0.017606684571769726,0.022086224775026,86.65358906596143,2.2086224775025975,27738259.75888589,none,False,0.0
2025-05-21 04:00:00,68.32,69.75,68.125,68.2,8983441.0,-0.016850805431390725,0.0,0.014959892248585014,87.94991742134137,1.495989224858496,13439130.938152032,none,False,0.0
2025-05-22 04:00:00,66.41,68.515,66.36,68.17,7192332.0,0.0003946059087946985,-0.0004398826979472581,0.0011207091013195418,88.04848369425575,0.11207091013194503,806051.1932111125,none,False,0.0
2025-05-23 04:00:00,67.26,67.89,66.6,67.35,6508380.0,-0.006825704436707936,-0.012028751650286162,-0.004858139553546413,87.6207318729909,0.48581395535464145,3161861.8307510414,none,False,0.0
2025-05-27 04:00:00,70.81,71.3,69.87,70.44,9250596.0,0.020790523389338844,0.04587973273942092,0.031593150999574326,90.38894688574753,3.159315099957438,29225547.626405876,none,False,0.0
2025-05-28 04:00:00,69.38,69.88,68.3621,68.6,7864681.0,-0.0057853336716569,-0.0261215218625781,-0.019759254674789416,88.60292866444603,1.975925467478945,15540023.481497778,none,False,0.0
2025-05-29 04:00:00,69.26,69.5,68.3,69.46,8997906.0,0.003947390808704654,0.01253644314868807,0.011336600223225215,89.60738464532179,1.1336600223225135,10200566.316815877,none,False,0.0
2025-05-30 04:00:00,69.79,71.565,69.07,71.5,11194157.0,-0.001118549275485048,0.02936942124964026,0.03210570091976476,92.48429253694681,3.2105700919764724,35939625.66908907,none,False,0.0
2025-06-02 04:00:00,71.77,72.85,71.26,72.83,16807899.0,0.005632942533806196,0.018601398601398644,0.016091919533197118,93.97254233053603,1.6091919533197219,27047135.8230106,none,False,0.0
2025-06-03 04:00:00,71.6,71.96,70.58,70.91,8822721.0,0.005702620168379191,-0.026362762597830547,-0.028926379635943283,91.2542568957282,2.8926379635943134,25520937.706800785,none,False,0.0
2025-06-04 04:00:00,72.18,73.14,72.02,72.04,6917020.0,-0.00026841584324532874,0.015935693132139495,0.018011438063144942,92.89787729180392,1.801143806314487,12458547.731153432,none,False,0.0
2025-06-05 04:00:00,73.14,73.65,72.32,72.65,5095041.0,-0.004832782373768718,0.008467518045530253,0.014089674094070545,94.2067781068764,1.4089674094070581,7178746.718592747,none,False,0.0
2025-06-06 04:00:00,74.15,75.16,73.97,74.63,9549878.0,0.010268948655256738,0.027253957329662626,0.02114240477763277,96.19853594240861,2.114240477763274,20190738.625300977,none,False,0.0
2025-06-09 04:00:00,75.01,76.85,74.158,75.46,10885820.0,0.0009012918516539958,0.011121532895618458,0.012288441004314338,97.3806659760383,1.2288441004314254,13376975.68535842,none,False,0.0
2025-06-10 04:00:00,77.99,80.44,77.44,79.33,13076761.0,0.0056696905016009325,0.051285449244633075,0.048747417824059634,102.12772198835745,4.874741782405989,63745833.22523712,surprising_positive,True,3.0
2025-06-11 04:00:00,79.08,79.83,78.34,78.73,9211564.0,-0.002852026265172114,-0.0075633429976048605,-0.003480190321750889,101.77229807871112,0.34801903217507313,3205799.5880987453,none,False,0.0
2025-06-12 04:00:00,80.64,81.16,79.92,81.05,10562504.0,0.003974324863642353,0.029467801346373612,0.028247031260212205,104.64706336396408,2.8247031260211886,29835938.067411307,none,False,0.0
2025-06-13 04:00:00,81.41,81.44,79.43,79.83,7491760.0,-0.011180124223602483,-0.015052436767427513,-0.004498537496139633,104.17630462556038,0.44985374961397095,3370196.327207963,none,False,0.0
2025-06-16 04:00:00,77.84,78.38,76.62,77.02,8181930.0,0.009514237855946295,-0.035199799574095025,-0.04072495864713947,99.93372892767263,4.072495864713943,33320876.09037895,none,False,0.0
2025-06-17 04:00:00,75.51,75.78,74.14,74.34,8080039.0,-0.008545164929979365,-0.03479615684237847,-0.0262895622453901,97.30651494061463,2.628956224539014,21242068.82356799,none,False,0.0
2025-06-18 04:00:00,74.56,74.8185,73.7,74.01,5462321.0,-0.0001506200525495105,-0.004439063761097595,-0.002454843535421752,97.06764267145823,0.24548435354219134,1340914.3395249362,none,False,0.0
2025-06-20 04:00:00,73.84,74.38,72.74,73.77,8212986.0,-0.005289234065345649,-0.0032428050263478836,0.002734003818544499,97.33302597717912,0.2734003818544606,2245433.508565339,none,False,0.0
2025-06-23 04:00:00,68.87,70.0545,68.5417,69.72,15397879.0,0.00987749882210398,-0.05490036600243997,-0.06070777075411977,91.42415494935175,6.070777075411982,93477090.84316757,negative_anticipated,True,1.5127999999999986
2025-06-24 04:00:00,70.245,71.04,69.86,70.73,7386337.0,0.01104723819045228,0.014486517498565776,0.00777025131501212,92.13454360957081,0.7770251315011967,5739369.478737155,none,False,0.0
2025-06-25 04:00:00,68.86,68.875,66.87,67.35,13688119.0,0.0005603348824945176,-0.047787360384561106,-0.04635553630604947,87.86359742823606,4.635553630604939,63452009.72660244,surprising_negative,True,2.0049999999999955
2025-06-26 04:00:00,67.62,68.38,67.19,67.7,8142033.0,0.00782382395572534,0.0051967334818114885,0.0009849883532627758,87.95014204837865,0.09849883532628834,801980.7676882053,none,False,0.0
2025-06-27 04:00:00,68.76,68.94,67.975,68.51,5629359.0,0.004968375635347355,0.011964549483013398,0.009971424090897964,88.82713021359775,0.9971424090897907,5613272.594891295,none,False,0.0
2025-06-30 04:00:00,69.43,69.5491,68.54,69.02,7637403.0,0.004781187490852323,0.007444168734491274,0.005596484360810392,89.3242498586538,0.5596484360810061,4274260.644670384,none,False,0.0
2025-07-01 04:00:00,68.41,70.4199,68.12,69.82,6851729.0,-0.00032370316419849665,0.011590843233845183,0.013709545181640546,90.54884469790716,1.370954518164047,9393408.829785628,none,False,0.0
2025-07-02 04:00:00,69.56,70.33,68.9037,69.82,7908322.0,0.004533311746134583,0.0,-0.0016550904417616111,90.39897817053509,0.16550904417617085,1308898.8152573837,none,False,0.0
2025-07-03 04:00:00,69.28,69.4,68.5801,69.17,4047900.0,0.007881376420340036,-0.009309653394442785,-0.013566115505947659,89.17261519105398,1.3566115505947551,5491427.895652509,none,False,0.0
2025-07-07 04:00:00,69.36,69.5433,68.71,69.32,7313482.0,-0.007451946141299293,0.002168570189388319,0.00982575814031831,90.04880374066094,0.9825758140318275,7186050.529557117,none,False,0.0
2025-07-08 04:00:00,69.45,70.61,68.65,69.64,9867136.0,-0.0005477862988978455,0.00461627236006934,0.006909081911808312,90.67095830176551,0.6909081911808279,6817285.08589523,none,False,0.0
2025-07-09 04:00:00,68.99,69.87,68.86,69.69,5379896.0,0.0059967114808006095,0.0007179781734634183,-0.0020741412631677236,90.48289392578086,0.20741412631677392,1115866.4285151067,none,False,0.0
