QCOM,open,high,low,close,volume,market_return,stock_return,residual_return,residual_price,residual_gap_pct,volume_gap_product,earnings_classification,is_earnings_date,event_strength
2024-02-26 05:00:00,156.0,157.48,155.79,157.03,6307616.0,,,,100.0,,,none,False,0.0
2024-02-27 05:00:00,157.75,159.2,157.49,158.3,6021410.0,0.0018577442241940467,0.008087626568171746,0.005802837294069523,100.58028372940694,0.5802837294069496,3494126.2510883003,none,False,0.0
2024-02-28 05:00:00,156.0,156.5397,154.96,155.85,5210958.0,-0.0013216814944864153,-0.01547694251421361,-0.012557456076691833,99.31725123429372,1.2557456076691786,6543637.620248568,none,False,0.0
2024-02-29 05:00:00,156.87,158.2,156.18,157.79,8321448.0,0.0035949907162327044,0.01244786653833807,0.007319447463262526,100.04419863689877,0.7319447463262518,6090840.145427096,none,False,0.0
2024-03-01 05:00:00,159.39,164.0,158.07,163.09,10405715.0,0.00938828530940028,0.03358894733506568,0.01897771437811162,101.94280886381691,1.8977714378111799,19747668.71700336,none,False,0.0
2024-03-04 05:00:00,165.12,167.83,164.72,166.56,11865142.0,-0.0010724383347958666,0.02127659574468077,0.023788105950946454,104.36783520200646,2.378810595094638,28224925.501902383,none,False,0.0
2024-03-05 05:00:00,164.73,165.59,160.23,161.45,9603135.0,-0.009994144056217014,-0.0306796349663786,-0.013564538924014526,102.95213363899369,1.3564538924014768,13026209.850006856,none,False,0.0
2024-03-06 05:00:00,164.82,169.25,164.33,167.89,12230453.0,0.005067234512401875,0.03988851037472907,0.03235023388893464,106.28265924157998,3.2350233888934543,39565801.51176211,none,False,0.0
2024-03-07 05:00:00,169.6,177.59,169.43,175.72,14495135.0,0.0099264345267287,0.046637679432962154,0.031145571390763425,109.59289339258878,3.114557139076335,45145926.19612525,surprising_positive,True,8.159999999999997
2024-03-08 05:00:00,174.82,175.47,170.54,170.57,11317959.0,-0.006002214409199347,-0.029307989984065586,-0.018727125071060294,107.54053357112639,1.8727125071060335,21195283.374213297,none,False,0.0
2024-03-11 04:00:00,169.0,171.98,168.1201,171.12,7256262.0,-0.0008598452278590907,0.0032244826171075047,0.005388007608185043,108.1199627841959,0.5388007608185141,3909679.486298473,none,False,0.0
2024-03-12 04:00:00,172.91,173.9,170.58,173.08,7642226.0,0.01075731497418242,0.011453950444132888,-0.005398192810255449,107.53631037844917,0.5398192810255442,4125420.9447547207,none,False,0.0
2024-03-13 04:00:00,171.22,171.5,168.6,169.25,8730467.0,-0.0015673981191220987,-0.022128495493413558,-0.018806805269836847,105.51389592972495,1.8806805269836802,16419219.278373629,none,False,0.0
2024-03-14 04:00:00,169.6,169.95,166.71,168.45,8149816.0,-0.0019768591197162344,-0.0047267355982275605,-0.0007348149214815528,105.43636274457215,0.07348149214814192,598860.6404128014,none,False,0.0
2024-03-15 04:00:00,167.1,168.77,165.85,167.2,16414624.0,-0.009942712884746241,-0.007420599584446408,0.00961031081554424,106.44963896180796,0.961031081554431,15774963.85602932,none,False,0.0
2024-03-18 04:00:00,170.91,171.46,166.35,166.92,6653663.0,0.005943157523095932,-0.0016746411483253842,-0.010646681229546586,105.31630358878128,1.0646681229546484,7083942.896982795,none,False,0.0
2024-03-19 04:00:00,166.09,166.46,163.63,164.1,7404369.0,0.005557072105447869,-0.016894320632638404,-0.02523439282422703,102.65871061322642,2.5234392824227125,18684475.596152976,none,False,0.0
2024-03-20 04:00:00,164.1,168.1725,163.83,167.67,5995811.0,0.009249384343914091,0.021755027422303508,0.007371155940333338,103.41542397779007,0.7371155940333329,4419605.786976592,none,False,0.0
2024-03-21 04:00:00,170.74,172.915,169.6301,170.85,8431474.0,0.0033046418690441115,0.018965825729110763,0.014312667152949704,104.89557451966533,1.4312667152949432,12067688.097074715,none,False,0.0
2024-03-22 04:00:00,169.55,171.9,169.3,170.1,5624966.0,-0.001895825354270464,-0.004389815627743654,-0.0005305359040015376,104.83992365121178,0.053053590400153894,298424.64217879204,none,False,0.0
2024-03-25 04:00:00,167.88,168.77,166.97,167.52,5682477.0,-0.0027628019416359173,-0.015167548500881756,-0.009889149226818685,103.80314600129665,0.9889149226818827,5619486.303096577,none,False,0.0
2024-03-26 04:00:00,168.05,169.42,167.0,167.07,5289949.0,-0.001846970775535417,-0.002686246418338256,0.001093065185369294,103.91660960632248,0.10930651853693352,578225.9084279329,none,False,0.0
2024-03-27 04:00:00,169.45,169.48,166.97,169.13,6284666.0,0.008403847265858522,0.012330161010355,-0.0006696844027726488,103.8470182736801,0.06696844027727078,420874.27968359424,none,False,0.0
2024-03-28 04:00:00,169.1,169.89,167.98,169.3,5323975.0,-0.00019114245847418054,0.0010051439720926147,0.002074095952529124,104.06240695396376,0.20740959525291647,1104243.499886646,none,False,0.0
2024-04-01 04:00:00,168.27,172.8,168.21,171.72,6679060.0,-0.001739728908176863,0.014294152392203108,0.017897924041545894,105.92490800920625,1.7897924041545998,11954130.854892822,none,False,0.0
2024-04-02 04:00:00,170.47,171.4,169.28,171.04,7436314.0,-0.006358204381798571,-0.00395993477754486,0.00720363598610969,106.6879524883667,0.7203635986109402,5356849.913440916,none,False,0.0
2024-04-03 04:00:00,170.0,173.96,169.33,173.91,6921555.0,0.0010986045794463273,0.016779700654817598,0.015737516921608807,108.36695594598417,1.573751692160874,10892808.89363456,none,False,0.0
2024-04-04 04:00:00,175.0,175.95,169.41,169.76,8805689.0,-0.012206156985810623,-0.023862917601058076,-0.0031270654279107364,108.02808538451755,0.3127065427910858,2753596.5640834933,none,False,0.0
2024-04-05 04:00:00,170.18,172.24,169.71,171.53,5863321.0,0.010446917574599812,0.010426484448633477,-0.005917581627506004,107.38882037119149,0.5917581627505997,3469668.0625770087,none,False,0.0
2024-04-08 04:00:00,172.93,174.39,172.355,173.62,4812025.0,0.00055938120864929,0.01218445752929509,0.012024907120491724,108.68016096193422,1.2024907120491646,5786415.368648381,none,False,0.0
2024-04-09 04:00:00,175.27,175.99,173.37,175.57,5030472.0,0.001156693399136488,0.011231424951042346,0.010094157935448876,109.77719567113398,1.0094157935448766,5077837.885785283,none,False,0.0
2024-04-10 04:00:00,172.42,173.71,170.07,170.86,6177357.0,-0.010013094046060322,-0.026826906646921334,-0.009680792118640882,108.71446546047436,0.9680792118641035,5980170.895963203,none,False,0.0
2024-04-11 04:00:00,171.67,175.625,170.5,175.13,6262569.0,0.007546876215669407,0.024991220882593757,0.013394117353278726,110.17059976885093,1.3394117353278778,8388158.4119005725,none,False,0.0
2024-04-12 04:00:00,172.28,173.39,170.96,171.29,8216680.0,-0.013803088803088781,-0.021926568834579996,0.0014232376199806232,110.32739871105777,0.1423237619980311,1169428.808733982,none,False,0.0
2024-04-15 04:00:00,174.27,174.38,168.5804,169.84,6570567.0,-0.01252813937555064,-0.008465176017280585,0.012797716344492414,111.7393374647876,1.2797716344492338,8408825.2688482,none,False,0.0
2024-04-16 04:00:00,169.5,169.57,167.45,168.58,6390091.0,-0.0018237684606997595,-0.007418747056052721,-0.003677414400192011,111.32842561612668,0.36774144001919806,2349901.2661937173,none,False,0.0
2024-04-17 04:00:00,169.22,170.1898,163.7704,164.32,8081978.0,-0.005918217385259994,-0.02526990153043074,-0.014826528010593677,109.67781159535389,1.4826528010593587,11982767.319800114,none,False,0.0
2024-04-18 04:00:00,162.36,164.1,159.86,161.44,9209372.0,-0.002057736489861184,-0.017526777020447915,-0.01340247138795585,108.20785786355354,1.3402471387955917,12342834.473104235,none,False,0.0
2024-04-19 04:00:00,161.29,161.39,156.34,157.63,10276082.0,-0.008728379244074214,-0.02360009910802774,-0.008556883226209452,107.28193585965684,0.8556883226209511,8793123.369695349,none,False,0.0
2024-04-22 04:00:00,158.04,161.64,157.16,160.18,7848681.0,0.00920914451894328,0.0161771236439765,0.001859119133675197,107.48138575931125,0.18591191336752022,1459163.3021213019,none,False,0.0
2024-04-23 04:00:00,160.96,162.255,159.68,161.35,6616694.0,0.01186664532137982,0.007304282681982688,-0.01136367936891551,106.26000175341572,1.136367936891547,7518998.909822677,none,False,0.0
2024-04-24 04:00:00,163.87,165.93,162.0,163.63,6130515.0,-0.0004746366063481666,0.014130771614502713,0.015663763908729113,107.92443333382238,1.5663763908729145,9602693.959892265,none,False,0.0
2024-04-25 04:00:00,164.08,164.625,161.73,163.3,6227492.0,-0.003798895945865799,-0.002016745095642536,0.004957595313164416,108.45947899869405,0.495759531316442,3087338.515196892,none,False,0.0
2024-04-26 04:00:00,162.9,166.52,162.51,165.66,7141339.0,0.0094738723708514,0.01445192896509484,-0.00029939805429392286,108.42700644171212,0.029939805429379795,213810.30016524167,none,False,0.0
2024-04-29 04:00:00,165.2,169.27,165.2,169.2,6623860.0,0.0035414945106835294,0.0213690691778341,0.016328215917417423,110.19742601417161,1.63282159174174,10815581.628674442,none,False,0.0
2024-04-30 04:00:00,169.23,169.24,165.81,165.85,6914197.0,-0.015841273575657788,-0.019799054373522473,0.00688697580388236,110.95635302078134,0.6886975803882533,4761790.74422772,none,False,0.0
2024-05-01 04:00:00,164.51,169.64,163.79,164.11,13113578.0,-0.003247141320371294,-0.010491407898703509,-0.004420212727530535,110.4659023369585,0.44202127275306813,5796480.437906634,none,False,0.0
2024-05-02 04:00:00,175.47,181.69,175.29,180.1,25894845.0,0.009353452583191757,0.09743464749253539,0.08288043084198898,119.62136391599469,8.288043084198904,214617591.01865256,surprising_positive,True,6.400000000000006
2024-05-03 04:00:00,182.24,183.19,177.8,179.64,10043912.0,0.01239530324931204,-0.0025541365907829627,-0.022087437812189276,116.9792344794909,2.208743781218925,22184428.169110134,none,False,0.0
2024-05-06 04:00:00,181.91,182.4,180.4,181.85,6980071.0,0.010326820395470282,0.012302382542863644,-0.0038451012295264153,116.52943748116475,0.38451012295264153,2683907.9584281677,none,False,0.0
2024-05-07 04:00:00,182.45,184.31,179.22,180.15,8011055.0,0.0011034322550669273,-0.009348364036293577,-0.010398450000030438,115.31771195198519,1.0398450000030368,8330255.486499328,none,False,0.0
2024-05-08 04:00:00,176.73,180.79,176.6151,180.55,6242590.0,9.668561704767598e-05,0.0022203719122952936,0.002818189544864869,115.64269912214601,0.2818189544864902,1759280.1870878187,none,False,0.0
2024-05-09 04:00:00,181.0,181.7099,179.44,180.54,5513454.0,0.005761905682631019,-5.538631957913154e-05,-0.008730742460214302,114.6330524987065,0.8730742460214325,4813654.694023851,none,False,0.0
2024-05-10 04:00:00,182.0,183.545,181.238,182.08,4702542.0,0.0012880404483150976,0.008529965658579997,0.00717770187365882,115.45585437440968,0.7177701873658737,3375344.4524358907,none,False,0.0
2024-05-13 04:00:00,183.18,184.725,182.9,184.21,6384837.0,0.00013439827970196383,0.011698154657293403,0.012234241929842541,116.86836922904287,1.223424192984246,7811364.054060955,none,False,0.0
2024-05-14 04:00:00,184.51,189.29,184.49,188.97,7713362.0,0.004588124628054802,0.025840073828782284,0.019086033288384083,119.09892281450753,1.9086033288383986,14721748.389735607,none,False,0.0
2024-05-15 04:00:00,190.01,196.08,190.0,194.61,11349079.0,0.012382954328301166,0.029846007302746447,0.01033291953979713,120.32956240122637,1.0332919539797425,11726912.015780462,none,False,0.0
2024-05-16 04:00:00,195.0,195.63,192.78,193.27,8173415.0,-0.002057457812676855,-0.0068855660038025235,-0.002761716526927893,119.9972462600649,0.27617165269279154,2257265.5286940527,none,False,0.0
2024-05-17 04:00:00,192.9,195.44,191.87,193.86,5689714.0,0.0014375153681740471,0.0030527241682620776,0.0014557908223103238,120.1719371498728,0.14557908223102878,828303.3422770357,none,False,0.0
2024-05-20 04:00:00,194.0,199.99,193.28,197.76,8879734.0,0.0011521390121822517,0.020117610646858353,0.01898779852642661,122.45373768100498,1.8987798526426625,16860660.01602604,none,False,0.0
2024-05-21 04:00:00,196.012,201.98,195.76,200.85,11498771.0,0.0024525525412217863,0.015625,0.012366592610150717,123.96807316849625,1.2366592610150828,14220061.647441665,none,False,0.0
2024-05-22 04:00:00,202.93,204.84,201.7,202.93,11170066.0,-0.002879403794037838,0.01035598705501628,0.015825247271299296,125.92989858013422,1.5825247271299192,17676905.648673188,none,False,0.0
2024-05-23 04:00:00,205.88,207.95,199.42,201.76,14475086.0,-0.007304229658569694,-0.005765534913517056,0.006946547061314853,126.80467654704772,0.6946547061314812,10055186.611557918,none,False,0.0
2024-05-24 04:00:00,203.89,211.3,203.56,210.36,13809903.0,0.006616472735569312,0.04262490087232362,0.032550737855518805,130.9322623321845,3.2550737855518763,44952253.236314215,surprising_positive,True,7.740000000000009
2024-05-28 04:00:00,217.225,217.43,211.3,213.08,12485382.0,0.0006988516168024983,0.012930214869746992,0.012542370887869282,132.57446332754256,1.2542370887869358,15659629.172072811,none,False,0.0
2024-05-29 04:00:00,208.65,210.66,206.7,208.26,12542915.0,-0.007002510333893097,-0.022620611976722493,-0.010402402383911099,131.19537041417843,1.040240238391088,13047644.889719155,none,False,0.0
2024-05-30 04:00:00,208.0,209.37,203.8221,204.8,12263870.0,-0.006633719825128281,-0.016613848074522153,-0.004999297021731231,130.53948578960188,0.4999297021731297,6131072.87658998,none,False,0.0
2024-05-31 04:00:00,208.0,209.05,198.71,204.05,15064863.0,0.00910813034576452,-0.003662109375,-0.017814767796252812,128.21395516201787,1.7814767796252906,26837703.622736193,none,False,0.0
2024-06-03 04:00:00,209.56,210.98,202.41,205.91,12419478.0,0.0008153668202588449,0.009115412888997643,0.008536849797118377,129.3084984391305,0.8536849797118329,10602321.824461555,none,False,0.0
2024-06-04 04:00:00,205.91,206.23,201.66,204.37,6595905.0,0.001117847669571903,-0.007478995677723255,-0.008552677661062161,128.20256453314465,0.8552677661062158,5641264.934798819,none,False,0.0
2024-06-05 04:00:00,206.93,212.5,205.365,211.9,11626287.0,0.011885160582145726,0.036844938102461144,0.018146669156411332,130.52901405673109,1.8146669156411166,21097838.37064841,none,False,0.0
2024-06-06 04:00:00,211.9,212.24,208.79,209.44,7597184.0,-1.8703125292174327e-05,-0.011609249646059472,-0.010822556762960895,129.1163563928888,1.0822556762960844,8222095.507865792,none,False,0.0
2024-06-07 04:00:00,209.73,209.8,204.89,206.62,5714393.0,-0.001215725881868801,-0.0134644766997708,-0.0107184247973024,127.73243243678994,1.071842479730234,6124929.1632730905,none,False,0.0
2024-06-10 04:00:00,205.285,210.5819,204.56,209.35,6470472.0,0.0030898297784685003,0.013212660923434205,0.008911119728669243,128.87067143546832,0.8911119728669314,5765915.06930024,none,False,0.0
2024-06-11 04:00:00,207.15,209.45,204.78,208.52,8197458.0,0.0024082440353956347,-0.003964652495820342,-0.0071505330518661,127.94917743995285,0.715053305186597,5861619.437028311,none,False,0.0
2024-06-12 04:00:00,212.5,215.62,210.88,215.39,9502803.0,0.008213055219294052,0.03294647995396116,0.02025893446596546,130.54129144068304,2.0258934465965384,19251666.321997926,none,False,0.0
2024-06-13 04:00:00,216.36,218.36,213.01,217.81,10102782.0,0.002013447613418151,0.011235433399879424,0.008695779430560215,131.67644971763167,0.8695779430559991,8785156.390703173,none,False,0.0
2024-06-14 04:00:00,217.64,218.05,213.65,215.33,6438225.0,0.0006083510000920445,-0.011386070428354933,-0.011625777544299293,130.1456086053914,1.1625777544299054,7484937.163014478,none,False,0.0
2024-06-17 04:00:00,217.09,222.67,213.4,222.22,12109084.0,0.007959025756291815,0.031997399340546906,0.019725664593645706,132.71281722907725,1.9725664593645664,23885972.95202812,none,False,0.0
2024-06-18 04:00:00,226.82,230.63,226.0,227.09,22037468.0,0.002540668981904526,0.021915219152191634,0.018512577459478922,135.16967353789622,1.8512577459478985,40797033.33607894,none,False,0.0
2024-06-20 04:00:00,224.2,225.9,212.84,215.47,18677868.0,-0.002716549071086094,-0.05116913998855077,-0.0459664502017014,128.95640347043627,4.5966450201701425,85855528.92959526,surprising_negative,True,13.060000000000002
2024-06-21 04:00:00,211.76,215.47,209.41,212.53,22734483.0,-0.004552102376599643,-0.013644590894324016,-0.005437356787049406,128.2552214947928,0.5437356787049485,12361549.544011114,none,False,0.0
2024-06-24 04:00:00,206.91,207.03,200.24,200.84,16084262.0,-0.0032506290058951226,-0.05500399943537382,-0.048927095410254424,121.98006603585377,4.892709541025441,78695622.14775294,surprising_negative,True,6.789999999999992
2024-06-25 04:00:00,203.14,203.15,199.17,202.17,12053664.0,0.0038508309687881326,0.006622186815375297,0.0010749929896876976,122.11119375172395,0.10749929896876065,1295760.4300049874,none,False,0.0
2024-06-26 04:00:00,200.31,201.15,195.7,197.33,10023790.0,0.0012480957362845935,-0.02394024830588104,-0.02522712817778712,119.03067901500661,2.522712817778705,25287143.515722007,none,False,0.0
2024-06-27 04:00:00,196.87,198.57,193.84,195.15,11936570.0,0.0015765063885171404,-0.011047483910201272,-0.01287192613835632,117.49852490652705,1.2871926138356304,15364664.738531971,none,False,0.0
2024-06-28 04:00:00,196.0,203.94,195.61,199.18,15547484.0,-0.003935062320405525,0.020650781450166633,0.02784800719062118,120.77062467301138,2.7848007190621082,43296644.62280662,surprising_positive,True,8.329999999999984
2024-07-01 04:00:00,199.47,200.6682,196.08,200.03,6800566.0,0.002057991253537228,0.00426749673662008,0.001654931051509868,120.970491729893,0.16549310515099336,1125446.7841242703,none,False,0.0
2024-07-02 04:00:00,198.25,200.48,197.09,200.16,5632945.0,0.006729746580115048,0.0006499025146227133,-0.009609673960489383,119.80800474552866,0.9609673960489284,5413076.488736832,none,False,0.0
2024-07-03 04:00:00,202.68,204.86,200.44,203.81,4996211.0,0.004462578095116854,0.01823541167066356,0.011686873264883157,121.20818571310818,1.1686873264883157,5839008.476161514,none,False,0.0
2024-07-05 04:00:00,205.85,206.75,203.98,205.75,6375172.0,0.005766510717005735,0.00951866934890333,0.0008357754103549327,121.30948853426094,0.08357754103549553,532821.1994383421,none,False,0.0
2024-07-08 04:00:00,207.24,210.435,206.1517,207.89,6920442.0,0.001153901629886045,0.010400972053462798,0.009268274774100992,122.43381820670214,0.9268274774101082,6414055.801422964,none,False,0.0
2024-07-09 04:00:00,206.48,208.55,204.66,207.12,5235289.0,0.000972482351246251,-0.003703881860599223,-0.004539621126475099,121.87801505897598,0.4539621126475213,2376622.8547603292,none,False,0.0
2024-07-10 04:00:00,208.74,209.24,206.5567,208.8,5159400.0,0.009895289842035249,0.008111239860950192,-0.007329888683553722,120.98466277562119,0.7329888683553776,3781782.767392735,none,False,0.0
2024-07-11 04:00:00,210.02,210.13,199.77,199.85,8602248.0,-0.00862253260172452,-0.042863984674329614,-0.02799402495846009,117.59781510628957,2.799402495846004,24081154.521086294,none,False,0.0
2024-07-12 04:00:00,201.66,206.08,200.25,202.43,7217219.0,0.006307504312823342,0.01290968226169631,0.003341257387697659,117.99073967479058,0.3341257387697638,2411458.630238176,none,False,0.0
2024-07-15 04:00:00,203.0,209.24,202.785,208.18,7446726.0,0.002750049108019681,0.02840488069950098,0.024659512992327354,120.90033385277536,2.465951299232705,18363263.654729962,none,False,0.0
2024-07-16 04:00:00,210.0,211.09,206.6201,209.64,5998488.0,0.005930226345876477,0.007013161687001501,-0.0019377118636948604,120.66606384154417,0.19377118636948465,1162334.1361831173,none,False,0.0
2024-07-17 04:00:00,199.73,200.0,190.56,191.6,16156207.0,-0.014021173388096053,-0.08605228009921773,-0.06234549964706864,113.14307780089803,6.23454996470686,100726679.78164671,surprising_negative,True,9.439999999999998
2024-07-18 04:00:00,193.78,193.9,186.95,191.46,9957716.0,-0.007684849355406476,-0.0007306889352817203,0.012604414307817294,114.56918002956213,1.2604414307817224,12551117.80235805,none,False,0.0
2024-07-19 04:00:00,191.69,193.0888,185.76,186.21,9085710.0,-0.006640610863822172,-0.027420871200250718,-0.0157950404798482,112.75955519325218,1.5795040479848255,14350915.723816209,none,False,0.0
2024-07-22 04:00:00,191.0,195.5,189.05,194.97,7590012.0,0.010309841709320589,0.0470436603834381,0.03092396834822403,116.24652810900812,3.0923968348223863,23471329.08506393,none,False,0.0
2024-07-23 04:00:00,194.2,196.24,192.15,193.35,5796721.0,-0.0015685567474984508,-0.00830897061086322,-0.00498538387450358,115.66699454230647,0.4985383874503424,2889887.9398395363,none,False,0.0
2024-07-24 04:00:00,189.335,189.61,180.69,181.07,13284672.0,-0.0226624291234786,-0.06351176622704935,-0.0256604573849597,112.69892655800724,2.56604573849597,34089075.97291674,none,False,0.0
2024-07-25 04:00:00,179.62,180.235,173.27,175.39,12700063.0,-0.005210354193226685,-0.03136908377975367,-0.0220843834114254,110.21004025384413,2.208438341142549,28047306.064125866,none,False,0.0
2024-07-26 04:00:00,179.01,181.3,177.57,180.05,6567842.0,0.01119964339443924,0.026569359712640628,0.008993186630922665,111.20117971444844,0.8993186630922523,5906582.886841144,none,False,0.0
2024-07-29 04:00:00,181.5,182.64,177.85,178.64,6045804.0,0.0005877599000807532,-0.007831158011663564,-0.008037160373622083,110.30743799934746,0.803716037362201,4859109.633548544,none,False,0.0
2024-07-30 04:00:00,179.34,179.4,166.7721,166.94,15338918.0,-0.005066451281298123,-0.06549484997760857,-0.05644569857178054,104.08105760381092,5.64456985717805,86581594.18452582,positive_anticipated,True,12.627900000000011
2024-07-31 04:00:00,175.58,181.08,173.41,180.95,19219187.0,0.01625461254612537,0.08392236731759906,0.05807191595205098,110.12524403318002,5.807191595205108,111609501.21307527,surprising_positive,True,7.670000000000016
2024-08-01 04:00:00,171.76,176.97,161.33,164.0,24795022.0,-0.014160962945480193,-0.09367228516164683,-0.06973668873371992,102.4454741683132,6.973668873371997,172912273.13597387,surprising_negative,True,15.639999999999986
2024-08-02 04:00:00,160.52,164.26,157.53,159.31,16618860.0,-0.018618441649325135,-0.028597560975609726,0.0026343053469726034,102.71534682868793,0.2634305346972621,4377915.175858941,none,False,0.0
2024-08-05 04:00:00,153.27,162.82,151.3901,157.95,12733905.0,-0.029123662976168085,-0.008536815014751231,0.039890630960880344,106.81272682304996,3.9890630960880413,50796350.50459099,negative_anticipated,True,11.429900000000004
2024-08-06 04:00:00,158.42,163.63,156.5,158.72,9301031.0,0.009219529166183404,0.004874960430516051,-0.009460042296503456,105.80227390949904,0.9460042296503435,8798814.666108964,none,False,0.0
2024-08-07 04:00:00,163.58,164.32,155.5,156.12,9266867.0,-0.006683903092980947,-0.016381048387096753,-0.004684354335813656,105.30665856897213,0.4684354335813712,4340928.8610859,none,False,0.0
2024-08-08 04:00:00,160.74,165.59,157.87,164.95,9590873.0,0.02311726371804257,0.05655905713553677,0.019475404565911097,107.35754834808714,1.9475404565911125,18678613.181527372,none,False,0.0
2024-08-09 04:00:00,164.07,165.89,161.98,164.48,4824606.0,0.004409686233864285,-0.002849348287359832,-0.009311310105663433,106.35790892323433,0.931131010566355,4492340.2603645,none,False,0.0
2024-08-12 04:00:00,160.56,163.39,157.42,162.89,8548033.0,0.0005253381864573914,-0.00966682879377434,-0.009770655531317632,105.31872243211416,0.9770655531317618,8351988.591333553,none,False,0.0
2024-08-13 04:00:00,164.3,169.56,163.28,169.47,11102075.0,0.016445702927222472,0.040395358831113004,0.014232119208482653,106.8176310446531,1.4232119208482663,15800605.486151516,none,False,0.0
2024-08-14 04:00:00,170.64,171.2587,164.7248,167.15,7208248.0,0.0031547487270313646,-0.013689738596801782,-0.018097543040695302,104.88449436931737,1.809754304069544,13045157.842800682,none,False,0.0
2024-08-15 04:00:00,171.75,174.64,170.61,173.34,10752143.0,0.01714022988505759,0.03703260544421183,0.009732522222282193,105.90528504153957,0.9732522222282158,10464547.068465555,none,False,0.0
2024-08-16 04:00:00,172.285,173.38,170.63,172.18,5435739.0,0.0022420308460049387,-0.00669205030575748,-0.009605863092012232,104.88797337271001,0.9605863092012279,5221496.463791173,none,False,0.0
2024-08-19 04:00:00,171.57,174.32,168.74,174.26,6708083.0,0.009561436741173823,0.012080380996631446,-0.0028142766635693237,104.5927895969581,0.28142766635693706,1887840.1444186415,none,False,0.0
2024-08-20 04:00:00,173.86,175.43,171.15,172.11,6222388.0,-0.0016261324851235548,-0.012337885917594216,-0.008920055742508943,103.65981608348874,0.892005574250887,5550404.781151828,none,False,0.0
2024-08-21 04:00:00,172.99,174.87,172.075,174.22,6309503.0,0.003436549131913269,0.012259601417697885,0.007390529080663788,104.42591696875002,0.7390529080663732,4663056.540603506,none,False,0.0
2024-08-22 04:00:00,174.3,174.585,168.38,169.0,6743476.0,-0.007848453497912966,-0.02996211686373551,-0.016359216496091324,102.71759078525537,1.63592164960914,11031798.382019645,none,False,0.0
2024-08-23 04:00:00,171.76,174.62,170.6301,173.5,6823561.0,0.010625292150587828,0.026627218934911268,0.009991178598158793,103.74386057996345,0.999117859815879,6817541.662643099,none,False,0.0
2024-08-26 04:00:00,171.97,172.38,168.53,169.49,7437611.0,-0.0023837902264601807,-0.023112391930835696,-0.018454381883707818,101.82933175873066,1.8454381883707849,13725651.369646622,none,False,0.0
2024-08-27 04:00:00,169.17,174.44,168.265,173.93,6498782.0,0.0013730630004100686,0.026196235766121845,0.024704801941715746,104.34500523168737,2.470480194171576,16055112.217238743,none,False,0.0
2024-08-28 04:00:00,174.38,175.72,169.63,171.85,6534566.0,-0.005805256784671253,-0.011958834013683695,-0.0017003612155588634,104.16758103175412,0.1700361215558832,1111112.2586909416,none,False,0.0
2024-08-29 04:00:00,173.42,176.3599,168.93,169.49,12514154.0,8.955758552753323e-05,-0.013732906604596917,-0.013123421380268863,102.80054597171112,1.3123421380268785,16422851.615957614,none,False,0.0
2024-08-30 04:00:00,172.29,175.46,170.8,175.3,11105353.0,0.0095459837019789,0.034279308513776696,0.01940994531983139,104.79589894787082,1.9409945319831312,21555429.44874246,none,False,0.0
2024-09-03 04:00:00,171.885,172.155,162.0,163.24,11579265.0,-0.02057905194436549,-0.06879634911580146,-0.03435523765234721,101.19561093452536,3.435523765234716,39780840.091450565,none,False,0.0
2024-09-04 04:00:00,163.0,168.24,162.63,165.33,6737013.0,-0.0020468048108969183,0.012803234501347793,0.016909646502613708,102.90679294304421,1.6909646502613729,11392050.831351323,none,False,0.0
2024-09-05 04:00:00,163.08,165.7994,161.85,163.7,5599389.0,-0.002432162628187684,-0.00985906973930939,-0.005121880828544514,102.37971661314225,0.5121880828544367,2867940.3170662215,none,False,0.0
2024-09-06 04:00:00,162.74,163.19,157.13,158.19,10703047.0,-0.01683011590036576,-0.0336591325595601,-0.005354505645371207,101.83152384256566,0.5354505645371321,5730952.558417458,none,False,0.0
2024-09-09 04:00:00,161.09,162.37,158.57,160.77,7489595.0,0.011196239544007724,0.016309501232695034,-0.001261100221410228,101.70310408530125,0.12611002214103495,944512.9912773847,none,False,0.0
2024-09-10 04:00:00,160.0,162.06,157.68,161.68,7918073.0,0.004355703592540339,0.005660259998755857,-0.0007133397774843359,101.63055521566358,0.07133397774843342,564827.6431924715,none,False,0.0
2024-09-11 04:00:00,162.36,166.9,159.2502,166.56,8275440.0,0.010258933289600813,0.030183077684314608,0.01414671561988996,103.0682937785911,1.4146715619890005,11707029.630946254,none,False,0.0
2024-09-12 04:00:00,165.88,166.31,162.9,164.98,6045562.0,0.008423217055661958,-0.009486071085494818,-0.022517622138424336,100.74744088483267,2.2517622138424342,13613168.073041694,none,False,0.0
2024-09-13 04:00:00,165.81,168.3,165.44,167.73,4049902.0,0.005222772719955637,0.016668687113589487,0.00887581631189529,101.64165666401999,0.8875816311895379,3594618.623317772,none,False,0.0
2024-09-16 04:00:00,164.93,167.34,163.79,166.61,6510034.0,0.0014768420490738343,-0.0066773981994870946,-0.008338703827836592,100.79409699252805,0.8338703827836746,5428524.543514737,none,False,0.0
2024-09-17 04:00:00,168.88,169.5,166.08,168.7,5828016.0,0.0004086418875701714,0.012544265050116854,0.012631453850495054,102.0672729770915,1.2631453850495244,7361631.514394789,none,False,0.0
2024-09-18 04:00:00,169.52,172.42,167.695,168.3,5877581.0,-0.002965883460315899,-0.002371072910491878,0.0032397424376238923,102.39794465284793,0.3239742437623816,1904184.8596271425,none,False,0.0
2024-09-19 04:00:00,174.42,176.8,172.49,173.92,10896153.0,0.017064481653010333,0.033392751039809765,0.006216657091139707,103.03451756159218,0.6216657091139721,6773764.681359335,none,False,0.0
2024-09-20 04:00:00,172.69,173.07,164.3,168.92,27546386.0,-0.004781253283827835,-0.028748850045998142,-0.020166527917708454,100.95666908669871,2.0166527917708454,55551496.23009733,surprising_negative,True,8.769999999999982
2024-09-23 04:00:00,168.42,169.98,165.35,165.96,9810047.0,0.002498900131984172,-0.017523087852237662,-0.020857359773055473,98.85097951806813,2.0857359773055473,20461167.96695835,none,False,0.0
2024-09-24 04:00:00,167.42,169.355,165.98,166.95,9663799.0,0.0028613056681938698,0.005965292841648484,0.002037813688853898,99.05241939728666,0.20378136888536957,1969302.1888530657,none,False,0.0
2024-09-25 04:00:00,166.28,168.59,165.76,168.27,5095502.0,-0.002205496236653226,0.00790655884995517,0.012272726544789952,100.2680626541494,1.2272726544789947,6253570.265443026,none,False,0.0
2024-09-26 04:00:00,174.91,175.75,166.7801,172.66,8474993.0,0.003964634060767747,0.026089023593034888,0.02035555000493063,102.30907421740345,2.035555000493061,17251314.38029369,none,False,0.0
2024-09-27 04:00:00,173.0,173.45,169.83,170.13,5880662.0,-0.001450288310326675,-0.014653075408316951,-0.011523077580610993,101.13015881799583,1.1523077580610885,6776332.445135037,none,False,0.0
2024-09-30 04:00:00,171.37,172.23,167.75,170.05,8103000.0,0.004007209477312923,-0.0004702286486802931,-0.006273392245560823,100.49572966387468,0.6273392245560783,5083329.736577902,none,False,0.0
2024-10-01 04:00:00,169.8,170.29,164.08,165.78,8277568.0,-0.008958449525934165,-0.025110261687739,-0.009690452897077049,99.52188052920951,0.9690452897077151,8021338.280635312,none,False,0.0
2024-10-02 04:00:00,166.15,169.75,165.15,168.32,4484587.0,0.0004220744961485057,0.015321510435516883,0.015386711932289516,101.0531950358722,1.5386711932289687,6900304.830429121,none,False,0.0
2024-10-03 04:00:00,165.95,169.53,165.66,168.92,6260212.0,-0.001828217839187074,0.0035646387832699578,0.007313254450102525,101.79222276416537,0.7313254450102447,4578252.326758474,none,False,0.0
2024-10-04 04:00:00,172.55,172.8,166.48,168.9,6588668.0,0.009087386847944634,-0.00011839924224477105,-0.0142371034555902,100.34299635769747,1.423710345559015,9380354.795053624,none,False,0.0
2024-10-07 04:00:00,167.635,168.7199,165.735,166.94,4359327.0,-0.009040455164229244,-0.01160449970396693,0.0039495408597752316,100.73930512180446,0.3949540859775169,1721734.0107621108,none,False,0.0
2024-10-08 04:00:00,164.86,167.7209,163.66,166.34,7843548.0,0.009457555477280666,-0.003594105666706593,-0.01831872421091369,98.89388957407904,1.831872421091374,14368379.264706403,none,False,0.0
2024-10-09 04:00:00,165.95,170.3,164.665,170.22,5480088.0,0.0069263918209256925,0.023325718408079732,0.01274426114659027,100.15421912861315,1.274426114659022,6983967.25782953,none,False,0.0
2024-10-10 04:00:00,167.23,168.75,165.33,168.52,5048030.0,-0.0017500086634092415,-0.009987075549289126,-0.006366477376790608,99.51658955834071,0.6366477376790525,3213816.879235987,none,False,0.0
2024-10-11 04:00:00,168.0,170.43,166.87,169.98,3801395.0,0.0059882318226789355,0.008663660099691217,-0.00038216031272628875,99.47855826735363,0.03821603127264206,145274.23019966515,none,False,0.0
2024-10-14 04:00:00,171.34,178.87,170.9,178.04,9933613.0,0.008178336036440248,0.047417343216848984,0.03478662818065213,102.93908188574741,3.4786628180652146,34555690.19214925,none,False,0.0
2024-10-15 04:00:00,177.22,179.825,172.75,174.09,12910401.0,-0.0077697152245346235,-0.022186025612221938,-0.008712008797764893,102.04227569872492,0.8712008797765125,11247552.709467568,none,False,0.0
2024-10-16 04:00:00,174.62,174.67,170.2201,171.48,6495701.0,0.00434647624961193,-0.014992245390315406,-0.021350741295311497,99.8635974690966,2.135074129531145,13868803.158269588,none,False,0.0
2024-10-17 04:00:00,175.615,175.615,171.02,171.1,6091604.0,8.586639189434031e-05,-0.0022160018661068204,-0.0016004746734889401,99.70376831054382,0.16004746734888942,974945.7922923642,none,False,0.0
2024-10-18 04:00:00,172.11,172.58,169.42,170.92,6432721.0,0.0038464840731518013,-0.0010520163646990932,-0.0065920949295242654,99.04651160500943,0.6592094929524173,4240510.748714367,none,False,0.0
2024-10-21 04:00:00,169.635,170.17,166.0685,169.01,7297738.0,-0.00164217656819321,-0.011174818628598149,-0.007730726531007783,98.2808101099408,0.7730726531007925,5641681.677294471,none,False,0.0
2024-10-22 04:00:00,169.01,173.48,168.23,173.18,7313047.0,-0.0005311584394221969,0.024673096266493166,0.02629860690493354,100.86545850132056,2.6298606904933575,19232294.833030377,none,False,0.0
2024-10-23 04:00:00,169.34,172.64,164.3,166.6,9788217.0,-0.009137351710896358,-0.03799514955537597,-0.022282502881921275,98.61792363157858,2.228250288192124,21810597.351137046,none,False,0.0
2024-10-24 04:00:00,166.61,168.94,165.53,168.1,4933426.0,0.0021626671741725723,0.009003601440576325,0.00621969589740505,99.23129712660051,0.6219695897405009,3068440.94523512,none,False,0.0
2024-10-25 04:00:00,170.275,173.18,169.8062,170.27,5496607.0,-0.00034528002209799347,0.012908982748364162,0.014230236386267678,100.64338194162798,1.4230236386267414,7821801.693241217,none,False,0.0
2024-10-28 04:00:00,169.42,173.15,169.37,172.22,5024581.0,0.0030913235700471553,0.011452399130792212,0.00714841280790699,101.36282238213059,0.7148412807906901,3591777.9174765665,none,False,0.0
2024-10-29 04:00:00,172.195,176.57,171.26,176.0,6198246.0,0.0016183737065922355,0.021948670305423246,0.02005569712676073,103.39572444774024,2.0055697126760696,12431014.449315598,none,False,0.0
2024-10-30 04:00:00,169.92,171.735,167.53,167.62,8819735.0,-0.003025250528559398,-0.04761363636363636,-0.0419056454188351,99.06285988120965,4.1905645418835125,36959668.75980898,none,False,0.0
2024-10-31 04:00:00,167.62,167.78,162.08,162.77,10261236.0,-0.019603110291201875,-0.028934494690371015,0.003909136633295757,99.45011013577033,0.3909136633295729,4011257.355049293,none,False,0.0
2024-11-01 04:00:00,163.08,166.0847,162.77,165.27,6498125.0,0.004220596510973618,0.015359095656447774,0.00920664729724962,100.36571222346299,0.9206647297249626,5982594.496844023,none,False,0.0
2024-11-04 05:00:00,165.06,167.5,163.635,165.18,4949802.0,-0.0021539646959932712,-0.0005445634416409995,0.00373725432048,100.74080441509821,0.3737254320480332,1849866.891002219,none,False,0.0
2024-11-05 05:00:00,165.0,167.59,164.245,165.91,5371263.0,0.012091749881539604,0.004419421237437993,-0.01461700552962963,99.26827551990338,1.4617005529629634,7851178.097209506,none,False,0.0
2024-11-06 05:00:00,169.25,178.45,168.67,172.99,17567121.0,0.024865614704352224,0.04267373877403413,0.0027282798976954806,99.53910716048323,0.2728279897695529,4792802.308468498,none,False,0.0
2024-11-07 05:00:00,180.265,182.1,171.63,172.91,23586315.0,0.007732133188955048,-0.0004624544771374417,-0.012362797789918643,98.30852530646914,1.2362797789918556,29159284.29543229,none,False,0.0
2024-11-08 05:00:00,172.09,173.49,168.7546,170.91,10736646.0,0.004331693557865224,-0.011566711005725483,-0.017901009709586226,96.54870344042293,1.7901009709586302,19219680.429439094,none,False,0.0
2024-11-11 05:00:00,170.0,170.79,166.09,168.29,7829485.0,0.0009528745047560072,-0.015329705693054807,-0.016133349653590832,94.99104944921774,1.6133349653590812,12631581.911254445,none,False,0.0
2024-11-12 05:00:00,167.05,167.33,161.8601,163.41,8483331.0,-0.0031064199345314236,-0.028997563729276865,-0.02315670980688024,92.79136928287119,2.315670980688034,19644603.4162712,none,False,0.0
2024-11-13 05:00:00,162.79,162.94,159.75,160.42,7921747.0,0.0004858435248786819,-0.01829753381066035,-0.018336713304902674,91.08988054716183,1.8336713304902719,14525880.36129732,none,False,0.0
2024-11-14 05:00:00,162.95,164.91,161.87,163.97,7005444.0,-0.006430114368961348,0.02212941029796789,0.033410687664238006,94.1332560954958,3.3410687664237937,23405670.143330965,none,False,0.0
2024-11-15 05:00:00,163.0,164.325,159.6,160.5,9737033.0,-0.012808628971096359,-0.021162407757516655,0.0005596068856435765,94.18593371377489,0.055960688564349326,544891.071253792,none,False,0.0
2024-11-18 05:00:00,162.6,165.14,162.0,164.5,7816812.0,0.0040973111395645745,0.024922118380062308,0.01897147094996053,95.97277941912066,1.8971470949960434,14829642.177930212,none,False,0.0
2024-11-19 05:00:00,164.03,166.23,162.65,164.71,6176848.0,0.0036555300518574807,0.001276595744680975,-0.003950917765008577,95.5935988599564,0.3950917765008555,2440421.849495756,none,False,0.0
2024-11-20 05:00:00,164.0,164.2,152.9505,154.27,14456722.0,0.0003388107741826296,-0.0633841296824722,-0.06318263710541408,89.55374319358727,6.318263710541395,91341381.98598541,surprising_negative,True,11.249499999999983
2024-11-21 05:00:00,155.16,156.94,153.59,155.46,10685385.0,0.005368331922099845,0.007713748622544925,-0.0003173822573362406,89.52532042441958,0.03173822573362406,339135.1611806805,none,False,0.0
2024-11-22 05:00:00,154.79,156.88,153.73,156.79,5709268.0,0.003099364967069196,0.008555255371156534,0.0042381064047903065,89.90473825830121,0.4238106404790276,2419648.527746417,none,False,0.0
2024-11-25 05:00:00,158.94,159.65,157.2189,158.82,9189843.0,0.0033920505113262944,0.012947254289176646,0.008151019977249069,90.63755357589396,0.8151019977248986,7490659.388078175,none,False,0.0
2024-11-26 05:00:00,159.75,161.47,156.09,156.93,9489853.0,0.005221495155054878,-0.011900264450320996,-0.019691044056758145,88.85280551523425,1.9691044056758145,18686511.351515844,none,False,0.0
2024-11-27 05:00:00,156.93,157.65,154.46,156.4,6337854.0,-0.003030050778323412,-0.003377301981775327,0.002338546301258372,89.06059191492834,0.2338546301258404,1482136.502961578,none,False,0.0
2024-11-29 05:00:00,158.11,161.52,157.75,158.53,6112016.0,0.006212113621561821,0.013618925831202056,0.004206642191996396,89.43523795852185,0.42066421919964014,2571106.4383757077,none,False,0.0
2024-12-02 05:00:00,158.38,163.37,158.38,163.03,9812677.0,0.0017923823749066425,0.02838579448684797,0.02620799342848379,91.77915608721368,2.620799342848379,25717057.4331834,none,False,0.0
2024-12-03 05:00:00,161.5,163.86,161.32,162.58,6961372.0,0.0004638603117803619,-0.002760228178862678,-0.0027634242244844376,91.52553134397954,0.276342422448439,1923722.4020447347,none,False,0.0
2024-12-04 05:00:00,164.475,165.0,162.24,163.34,6718827.0,0.0062095345332913165,0.004674621724689354,-0.004733440307335657,91.09230070476563,0.4733440307335579,3180316.653981459,none,False,0.0
2024-12-05 05:00:00,162.59,164.45,159.93,160.39,7279786.0,-0.0016456571108843798,-0.018060487327048014,-0.014610698067330381,89.76137860290983,1.4610698067330508,10636275.524077969,none,False,0.0
2024-12-06 05:00:00,160.39,160.39,157.24,159.51,9368412.0,0.0018956252266508766,-0.005486626348276014,-0.00783342153113709,89.05823988709724,0.7833421531137086,7338672.027336305,none,False,0.0
2024-12-09 05:00:00,157.48,162.93,157.47,160.74,9481232.0,-0.0051496355769072855,0.007711115290577553,0.01689642776684159,90.56300600439164,1.6896427766841748,16019895.162866853,none,False,0.0
2024-12-10 05:00:00,160.77,161.49,156.04,156.46,8683634.0,-0.0031090824899120406,-0.02662685081498073,-0.020781638661405193,88.6809583375177,2.0781638661405255,18046014.405589316,none,False,0.0
2024-12-11 05:00:00,157.29,160.46,156.97,159.83,7081804.0,0.0077305905773059624,0.021539051514764207,0.009641233241738028,89.53595214095056,0.9641233241737934,6827732.413627267,none,False,0.0
2024-12-12 05:00:00,158.67,159.46,156.9214,158.24,5796116.0,-0.005152602640503101,-0.009948069824188166,-0.000757900679339037,89.46809278199767,0.07579006793390075,439288.0253927691,none,False,0.0
2024-12-13 05:00:00,158.24,159.6805,156.62,158.53,8886682.0,-0.0001985670080916213,0.0018326592517694529,0.002913764182663893,89.7287817062371,0.29137641826637584,2589369.5714322734,none,False,0.0
2024-12-16 05:00:00,158.16,158.71,154.02,157.89,9951138.0,0.0042700385627512105,-0.004037090771462859,-0.010270468861991792,88.80722504769874,1.0270468861991788,10220285.297038324,none,False,0.0
2024-12-17 05:00:00,156.49,159.98,156.49,157.92,7187382.0,-0.004120041530018659,0.00019000570017091434,0.0076900165637654285,89.49015407929758,0.7690016563765445,5527108.663010961,none,False,0.0
2024-12-18 05:00:00,158.25,161.16,152.325,153.05,10295189.0,-0.0298035711330652,-0.03083839918946285,0.018701961450689718,91.16379549110489,1.8701961450689808,19254022.780556574,none,False,0.0
2024-12-19 05:00:00,154.03,155.47,150.06,150.4,8414797.0,-0.00030702053626241455,-0.017314603070891943,-0.016055974866161296,89.70007188199585,1.6055974866161171,13510776.913584843,none,False,0.0
2024-12-20 05:00:00,149.58,154.57,149.43,152.89,17347066.0,0.008616277085821356,0.01655585106382973,0.0032082877134778504,89.98785552051292,0.32082877134775867,5565437.871268478,none,False,0.0
2024-12-23 05:00:00,155.66,158.69,154.55,158.24,8863199.0,0.0059883278355747915,0.03499247825233853,0.025946500680224242,92.32272547498783,2.5946500680224194,22996899.88824624,none,False,0.0
2024-12-24 05:00:00,158.64,159.4,157.54,159.36,2839592.0,0.011115034723973682,0.00707785642062686,-0.01035982408801113,91.36627827974121,1.0359824088011171,2941767.3601723816,none,False,0.0
2024-12-26 05:00:00,157.4,159.5599,157.35,158.53,3847905.0,6.652253450867285e-05,-0.00520833333333337,-0.004561142948658552,90.94954362382039,0.4561142948658614,1755084.4757858224,none,False,0.0
2024-12-27 05:00:00,157.19,157.75,155.52,157.24,7232473.0,-0.010526490837130531,-0.008137261086229697,0.009849212263612173,91.84532498425007,0.9849212263612461,7123416.176784601,none,False,0.0
2024-12-30 05:00:00,155.23,156.13,153.8,154.58,5355964.0,-0.01141157291474082,-0.016916815059781154,0.002518413998438336,92.07662953638153,0.251841399843844,1348853.471273234,none,False,0.0
2024-12-31 05:00:00,154.72,155.84,153.21,153.62,4423330.0,-0.003638094590459273,-0.006210376504075632,0.0005007545510982009,92.12273732767166,0.050075455109821476,221500.26285092664,none,False,0.0
2025-01-02 05:00:00,155.01,157.51,152.79,153.64,5009075.0,-0.002457002457002533,0.00013019138133052444,0.00490803962155307,92.57487937252179,0.4908039621553062,2458473.8567330902,none,False,0.0
2025-01-03 05:00:00,155.42,158.435,154.49,157.83,5887151.0,0.012503420908593466,0.027271543868784276,0.0075612691439902215,93.27486295142985,0.7561269143990135,4451433.320231067,none,False,0.0
2025-01-06 05:00:00,159.33,165.67,159.33,159.85,9599764.0,0.005760621674127719,0.012798580751441246,0.004125326353340264,93.65965220166758,0.4125326353340286,3960215.941504736,none,False,0.0
2025-01-07 05:00:00,162.0,163.45,159.25,160.52,7666013.0,-0.011304084923407731,0.004191429465123742,0.02345071569841754,95.85603807786157,2.3450715698417612,17977349.140337348,none,False,0.0
2025-01-08 05:00:00,160.05,160.19,156.94,159.08,7721568.0,0.0014610196558109134,-0.00897084475454768,-0.010606251335633964,94.83936484596967,1.0606251335633976,8189689.091318857,none,False,0.0
2025-01-10 05:00:00,157.7,158.28,155.55,156.98,6236809.0,-0.01526743456207913,-0.013200905204928448,0.012545830676904943,96.02920345883241,1.2545830676904846,7824594.967819624,none,False,0.0
2025-01-13 05:00:00,155.22,157.37,154.8,157.13,5632189.0,0.0015504143051559005,0.0009555357370365503,-0.0008261973959178318,95.94986438100266,0.0826197395917938,465329.98851176555,none,False,0.0
2025-01-14 05:00:00,160.14,161.01,156.559,159.53,6476497.0,0.0013760126593165278,0.015273976961751368,0.013777714957805085,97.27183426268418,1.3777714957805332,8923132.959108135,none,False,0.0
2025-01-15 05:00:00,162.1,165.45,162.09,164.41,9284034.0,0.01818993799275126,0.03058985770701428,0.0015715489649639168,97.42470171313984,0.15715489649639203,1459031.4023389844,none,False,0.0
2025-01-16 05:00:00,165.35,165.84,161.28,161.43,7143256.0,-0.0019231418064037387,-0.018125418161912266,-0.014221425222343254,96.03918360291732,1.4221425222343265,10158728.104805486,none,False,0.0
2025-01-17 05:00:00,165.38,165.61,163.1,164.56,8097475.0,0.010039889121763235,0.019389208945053582,0.0037113915812496193,96.39562262041127,0.3711391581249668,3005290.0544379656,none,False,0.0
2025-01-21 05:00:00,166.0,168.68,165.35,167.27,7380518.0,0.009153586130727032,0.01646815751093822,0.002241094320219246,96.6116543027599,0.2241094320219572,1654043.6970078317,none,False,0.0
2025-01-22 05:00:00,168.32,172.0899,168.19,170.24,7281689.0,0.005621424425835464,0.017755724278113227,0.00931031632855671,97.51113936534375,0.9310316328556612,6779482.799617106,none,False,0.0
2025-01-23 05:00:00,170.38,174.38,169.38,174.36,7172321.0,0.005458083239891831,0.024201127819548862,0.016023086571381143,99.07356879306866,1.6023086571381073,11492272.030073447,none,False,0.0
2025-01-24 05:00:00,175.1,175.2,171.9422,172.11,5825772.0,-0.002919229192291928,-0.012904335856847915,-0.007369887027532753,98.34340778364925,0.7369887027532718,4293528.148816333,none,False,0.0
2025-01-27 05:00:00,172.1,172.2,167.28,171.18,15632612.0,-0.014145434807638524,-0.005403521004009093,0.01850665803166947,100.16341560117029,1.850665803166951,28930740.442577314,none,False,0.0
2025-01-28 05:00:00,170.22,173.49,169.81,171.55,8720168.0,0.00859235530640512,0.002161467461152089,-0.011146939278349194,99.04690008955198,1.11469392783492,9720318.319300378,none,False,0.0
2025-01-29 05:00:00,171.55,173.49,170.22,171.71,5118924.0,-0.004482895520412922,0.000932672690177716,0.00902662484259669,99.94095929848254,0.9026624842596753,4620660.654576474,none,False,0.0
2025-01-30 05:00:00,172.34,173.54,170.97,171.93,6010556.0,0.0053671424535983725,0.0012812299807816174,-0.006747953905340397,99.26656231188088,0.6747953905340442,4055895.483346743,none,False,0.0
2025-01-31 05:00:00,172.51,176.79,172.29,172.93,7808977.0,-0.005321962184318241,0.005816320595591229,0.015283707652854632,100.78372342995954,1.5283707652854694,11935012.15358663,none,False,0.0
2025-02-03 05:00:00,168.88,172.58,168.06,170.24,7447086.0,-0.006729586919677066,-0.01555542705140811,-0.0037839549582000948,100.40236235998088,0.3783954958199942,2817943.7993841376,none,False,0.0
2025-02-04 05:00:00,168.5,173.79,168.5,173.04,5457922.0,0.006708265720929418,0.016447368421052433,0.006222953111388473,101.02716155321967,0.622295311138843,3396439.269161536,none,False,0.0
2025-02-05 05:00:00,173.0,177.0,169.9027,175.86,15420587.0,0.004054637907541014,0.016296809986130478,0.01041601267507752,102.0794617484851,1.0416012675077413,16062102.964913398,none,False,0.0
2025-02-06 05:00:00,167.84,169.49,165.4,169.32,16293503.0,0.003475555261328589,-0.03718867280791549,-0.04212159272935073,97.77971223468407,4.212159272935079,68630829.75004552,negative_anticipated,True,4.090000000000003
2025-02-07 05:00:00,169.83,171.3,166.06,167.96,7841658.0,-0.009153582266789972,-0.008032128514056103,0.007707085311864845,98.53330881864638,0.7707085311864814,6043632.719246722,none,False,0.0
2025-02-10 05:00:00,169.73,171.8,169.0,171.36,6237693.0,0.006791284518201657,0.020242914979757165,0.009882609497313368,99.50707503217924,0.9882609497313455,6164468.408312566,none,False,0.0
2025-02-11 05:00:00,169.65,172.7,169.11,171.99,6588067.0,0.0007605191369759456,0.003676470588235281,0.003187685491253316,99.82427229153639,0.3187685491253367,2100068.5591305094,none,False,0.0
2025-02-12 05:00:00,169.55,170.93,168.24,170.29,5505696.0,-0.003221489815135925,-0.009884295598581394,-0.003855088357769137,99.43944090160251,0.3855088357769154,2122494.45510162,none,False,0.0
2025-02-13 05:00:00,170.19,172.36,169.47,172.15,6362183.0,0.010557544417926223,0.01092254389570746,-0.005602602867549385,98.88232120485966,0.5602602867549544,3564478.4719674964,none,False,0.0
2025-02-14 05:00:00,172.6,172.82,171.04,172.23,4691344.0,-4.9202105850132405e-05,0.00046471100784195585,0.0013013264611753074,99.01099938598598,0.13013264611752007,610497.008567551,none,False,0.0
2025-02-18 05:00:00,173.26,173.72,171.2359,173.64,7292649.0,0.0029358701000492538,0.008186727051036291,0.004137196340510371,99.42062733031595,0.4137196340510352,3017112.075542648,none,False,0.0
2025-02-19 05:00:00,173.985,176.5,173.35,175.22,6849614.0,0.0023549035961338838,0.00909928587882991,0.006000716169792239,100.01722229634787,0.6000716169792142,4110258.9486634634,none,False,0.0
2025-02-20 05:00:00,176.0,176.39,172.9,173.7,6316412.0,-0.00416034457442116,-0.00867480881177951,-0.0011088274951386867,99.90632045027827,0.11088274951387422,700381.1296224293,none,False,0.0
2025-02-21 05:00:00,174.98,175.43,165.21,165.43,12531871.0,-0.01710409908581534,-0.04761082325849153,-0.018857724147248008,98.02231461866036,1.8857724147248067,23632256.63668978,none,False,0.0
2025-02-24 05:00:00,165.91,166.59,160.99,161.1,9827839.0,-0.004550455045504553,-0.026174212657921858,-0.01796967500150528,96.26088548206774,1.7969675001505259,17660307.279711843,none,False,0.0
2025-02-25 05:00:00,161.66,163.33,159.44,161.22,8244945.0,-0.00497312503139602,0.0007448789571695702,0.009641268330291877,97.18896250871184,0.9641268330291775,7949172.711349752,none,False,0.0
2025-02-26 05:00:00,161.83,164.14,160.93,162.1,9161867.0,0.0005048465266557223,0.00545837985361608,0.00538809510032803,97.712625881411,0.5388095100328005,4936501.0692556845,none,False,0.0
2025-02-27 05:00:00,162.34,163.25,154.1,154.44,10807193.0,-0.015961920139940133,-0.04725478099938307,-0.020371269251486926,95.72209567031096,2.037126925148691,22015623.84557846,none,False,0.0
2025-02-28 05:00:00,155.1,157.31,153.4,157.17,10149470.0,0.015605503803093779,0.017676767676767513,-0.0071111833618460185,95.04139829621923,0.7111183361845907,7217474.219555418,none,False,0.0
2025-03-03 05:00:00,158.99,160.08,152.52,153.62,9601853.0,-0.017519943451479336,-0.02258700769867017,0.00684677054255756,95.69212494239727,0.6846770542557667,6574168.427436897,none,False,0.0
2025-03-04 05:00:00,155.27,157.2,151.35,154.46,8956839.0,-0.011836853555338478,0.005468038015883359,0.025599392067834376,98.14178516660189,2.559939206783435,22928963.324946932,none,False,0.0
2025-03-05 05:00:00,155.04,159.15,153.03,158.49,6771551.0,0.010747841764032762,0.026090897319694495,0.00925426038684193,99.05001480136313,0.9254260386841962,6266569.617678007,none,False,0.0
2025-03-06 05:00:00,154.11,157.88,154.09,156.04,7808129.0,-0.017751174836208805,-0.015458388541863988,0.014353883171389938,100.47176714194632,1.4353883171389636,11207697.14531394,none,False,0.0
2025-03-07 05:00:00,155.22,161.82,155.22,161.22,8727617.0,0.005604930942361586,0.033196616252243016,0.024778205830868663,102.96127726838058,2.477820583086876,21625469.043898933,none,False,0.0
2025-03-10 04:00:00,157.35,159.255,152.61,154.98,10139920.0,-0.026635643839421963,-0.03870487532564204,0.005650030918255389,103.54301166833,0.5650030918255444,5729086.1508636745,none,False,0.0
2025-03-11 04:00:00,154.85,156.2275,150.86,153.1,8692939.0,-0.00831281886617441,-0.012130597496451179,0.002232404103677643,103.77416151248553,0.22324041036778652,1940615.2696621357,none,False,0.0
2025-03-12 04:00:00,154.21,155.86,151.92,152.8,7117435.0,0.005306518923586134,-0.0019595035924231397,-0.009889455229481465,102.74789158823083,0.9889455229481481,7038755.478124453,none,False,0.0
2025-03-13 04:00:00,152.595,155.63,150.42,151.94,5861709.0,-0.013330470413513096,-0.005628272251309019,0.016947923927885144,104.48925503861877,1.6947923927885356,9934379.821940094,none,False,0.0
2025-03-14 04:00:00,153.56,156.95,153.54,156.58,5309435.0,0.020655761488520552,0.03053837040937224,-0.0025161469010323567,104.22634472336216,0.2516146901032412,1335931.8421483026,none,False,0.0
2025-03-17 04:00:00,155.6,158.72,155.44,157.95,5781412.0,0.007711305769265042,0.008749521011623296,-0.0031167307248736557,103.90149927242159,0.31167307248736176,1801910.4413553032,none,False,0.0
2025-03-18 04:00:00,157.95,159.73,155.9233,156.29,6898367.0,-0.010808428105439472,-0.01050965495409939,0.007938310315192262,104.72630161585978,0.793831031519221,5476137.791408154,none,False,0.0
2025-03-19 04:00:00,156.43,160.515,155.06,158.26,5870969.0,0.010890877330576476,0.012604773178066297,-0.0044659929940662375,104.25859468654888,0.4465992994066359,2621970.6422380777,none,False,0.0
2025-03-20 04:00:00,158.0,159.12,156.52,157.95,5089255.0,-0.002891753213548953,-0.0019588019714393834,0.0035306725192758796,104.626697641707,0.3530672519275857,1796849.2772087252,none,False,0.0
2025-03-21 04:00:00,154.98,157.416,153.56,156.82,10949252.0,-0.002670250579143718,-0.007154162709718248,-0.002027257085928525,104.41459242753555,0.20272570859284356,2219694.8702616096,none,False,0.0
2025-03-24 04:00:00,160.0,161.0,158.8,160.08,6033350.0,0.017908436469378453,0.020788164774901308,-0.00776936530128286,103.60335731618144,0.7769365301283027,4687530.014049595,none,False,0.0
2025-03-25 04:00:00,159.88,161.47,159.42,160.15,3978200.0,0.0024038461538462563,0.0004372813593203073,-0.0027414004790464828,103.31933902280403,0.2741400479046585,1090583.9385743125,none,False,0.0
2025-03-26 04:00:00,159.45,160.81,156.85,158.39,5965132.0,-0.011938275466583215,-0.010989697158913625,0.00930767039233579,104.28100137558229,0.9307670392335821,5552148.250277496,none,False,0.0
2025-03-27 04:00:00,158.21,159.25,155.75,157.97,6101990.0,-0.0026556921507588926,-0.0026516825557167945,0.0024513929547296904,104.53663508766655,0.24513929547296254,1495837.5295830627,none,False,0.0
2025-03-28 04:00:00,156.92,157.64,151.56,152.72,8917986.0,-0.020138252098469533,-0.03323415838450339,0.00048542531429655866,104.58737981660948,0.0485425314296517,432901.61569419387,none,False,0.0
2025-03-31 04:00:00,150.805,153.85,147.88,153.61,8597091.0,0.006712738005254959,0.005827658459926832,-0.004404077354366041,104.12676890560668,0.4404077354365987,3786225.378652364,none,False,0.0
2025-04-01 04:00:00,152.39,153.32,150.265,153.05,5708940.0,0.0028245052646633795,-0.0036455959898443746,-0.0075128380233546715,103.34448135692358,0.7512838023354562,4289034.150504979,none,False,0.0
2025-04-02 04:00:00,150.79,155.46,150.37,154.08,5377181.0,0.006328324152806708,0.0067298268539692785,-0.0028726771893927937,103.04760602267993,0.28726771893926584,1544690.5201935605,none,False,0.0
2025-04-03 04:00:00,147.0,147.4,138.56,139.42,16464974.0,-0.049280804931623234,-0.09514537902388387,-0.01372350777258656,101.63343140048124,1.3723507772586574,22595719.866443586,none,False,0.0
2025-04-04 04:00:00,134.34,135.86,126.68,127.46,19012564.0,-0.05854294764300372,-0.08578396212881934,0.010798742749513604,102.73094468092536,1.0798742749513535,20531178.764466204,none,False,0.0
2025-04-07 04:00:00,124.59,137.2,120.8019,129.72,17938318.0,-0.0017811906269790123,0.01773105287933463,0.02140269156984036,104.92966340460954,2.1402691569840426,38392828.74357168,none,False,0.0
2025-04-08 04:00:00,131.13,135.29,121.74,124.66,14965907.0,-0.01566279392521508,-0.03900709219858156,-0.012613208273992357,103.60616370596729,1.2613208273992371,18876810.200020034,none,False,0.0
2025-04-09 04:00:00,125.155,144.86,124.19,143.59,21242585.0,0.10501933612632941,0.15185304026953328,-0.019292862492563484,101.60730423620605,1.9292862492563456,40983027.139159106,none,False,0.0
2025-04-10 04:00:00,137.01,139.0599,129.29,134.4,14898763.0,-0.04381903685611166,-0.06400167142558677,0.008480048536469179,102.46893910778887,0.8480048536469331,12634223.337335343,none,False,0.0
2025-04-11 04:00:00,134.0,140.65,131.11,139.25,10955260.0,0.017842845705135613,0.036086309523809534,0.007636142365164304,103.2514065148233,0.76361423651643,8365592.500738985,none,False,0.0
2025-04-14 04:00:00,142.75,143.11,136.83,139.19,6930331.0,0.009701464584035646,-0.00043087971274691217,-0.015554743388762176,101.64535738195646,1.555474338876217,10779952.030418353,none,False,0.0
2025-04-15 04:00:00,139.46,140.835,138.03,138.6,6346797.0,-0.002800860661819282,-0.004238810259357684,0.0011018858225540634,101.75735896018408,0.1101885822553994,699344.5632928222,none,False,0.0
2025-04-16 04:00:00,133.68,137.31,131.79,135.74,10417222.0,-0.022228009151615602,-0.02063492063492056,0.016505303404990006,103.4368950435124,1.6505303404990013,17193940.974713687,none,False,0.0
2025-04-17 04:00:00,137.38,138.15,135.71,136.66,7135854.0,0.0014267777650953661,0.006777663179607929,0.005198305789771492,103.97459165389307,0.519830578977154,3709435.1163164405,none,False,0.0
2025-04-21 04:00:00,134.73,136.55,133.36,136.14,8128290.0,-0.02380273930966348,-0.0038050636616421274,0.035912773645261714,107.70860762881786,3.5912773645261797,29190943.8893045,none,False,0.0
2025-04-22 04:00:00,136.745,139.1,136.49,138.74,7727962.0,0.026017747334007968,0.019097987365946922,-0.02273335166348283,105.26002997440787,2.273335166348267,17568247.778803088,none,False,0.0
2025-04-23 04:00:00,142.58,143.88,139.78,140.46,9073488.0,0.015495495495495337,0.012397289894767072,-0.012210592913301656,103.97474259834844,1.2210592913301732,11079266.82717283,none,False,0.0
2025-04-24 04:00:00,142.78,147.82,141.99,147.21,8810602.0,0.021048896193642586,0.04805638615976071,0.014358362260967504,105.46764961856638,1.4358362260967539,12650581.525320511,none,False,0.0
2025-04-25 04:00:00,146.08,149.2,146.08,148.56,5145633.0,0.007225301359088165,0.00917057265131449,-0.0019001577642203272,105.26724444526958,0.1900157764220478,977751.4496779111,none,False,0.0
2025-04-28 04:00:00,148.18,149.3,145.4398,147.62,5743480.0,0.0003813744006975206,-0.006327409800753858,-0.006195587933839586,104.61505197575593,0.6195587933839564,3558423.5386248855,none,False,0.0
2025-04-29 04:00:00,146.66,148.26,145.52,146.88,6691951.0,0.006299355541435903,-0.005012870884704035,-0.014567957358386533,103.09102435952772,1.4567957358386563,9748805.681241231,none,False,0.0
2025-04-30 04:00:00,145.195,148.85,143.88,148.46,10771867.0,0.0003968826670512904,0.010757080610021896,0.010863517611537326,104.21095551824888,1.0863517611537477,11702036.686363935,none,False,0.0
2025-05-01 04:00:00,138.785,138.96,134.87,135.21,22836553.0,0.007086954953655411,-0.08924962952983972,-0.10009390620772189,93.7800739107882,10.009390620772185,228579979.4089669,surprising_negative,True,4.090000000000003
2025-05-02 04:00:00,137.85,141.41,137.29,139.81,13185574.0,0.014844127706054033,0.034021152281635825,0.010479467543868446,94.7628391515979,1.0479467543868637,13817779.478027815,none,False,0.0
2025-05-05 04:00:00,138.3,140.77,138.29,139.44,7165260.0,-0.005734349636530411,-0.0026464487518775837,0.00749595895100638,95.4731775039591,0.749595895100641,5371049.483328818,none,False,0.0
2025-05-06 04:00:00,137.82,140.8,137.46,139.9,6957862.0,-0.008358325495554708,0.003298909925415927,0.01773639952021948,97.16652792363416,1.7736399520219548,12340742.023855383,none,False,0.0
2025-05-07 04:00:00,140.38,144.7,140.245,144.3,10202537.0,0.004205440229062329,0.03145103645461056,0.025323396811453798,99.62711446703555,2.532339681145368,25836289.29345382,none,False,0.0
2025-05-08 04:00:00,145.64,147.5,143.89,145.1,8489076.0,0.006967833912500998,0.00554400554400547,-0.005105286631618666,99.11848949140027,0.5105286631618577,4333916.621759411,none,False,0.0
2025-05-09 04:00:00,145.66,146.983,144.6,145.18,6217069.0,-0.0012742009698083478,0.0005513439007582832,0.0033931113527710085,99.45480956336304,0.33931113527709833,2109520.740486054,none,False,0.0
2025-05-12 04:00:00,154.08,154.36,149.83,152.12,11414646.0,0.033047453662685466,0.047802727648436516,-0.0055352585378166605,98.9043014796005,0.5535258537816667,6318301.672765487,none,False,0.0
2025-05-13 04:00:00,152.005,153.29,150.96,151.34,10160946.0,0.006603886859122943,-0.005127530896660515,-0.0151810925920649,97.4028261210852,1.5181092592064793,15425426.204897039,none,False,0.0
2025-05-14 04:00:00,151.925,153.27,150.43,152.98,6971196.0,0.0012780314906959411,0.010836527025241072,0.00950064650561526,98.32821594070954,0.9500646505615329,6623086.891735956,none,False,0.0
2025-05-15 04:00:00,151.71,153.39,150.18,152.61,6941187.0,0.004884358140880618,-0.0024186168126550944,-0.009657550227483552,97.37860625648328,0.9657550227483602,6703486.209085622,none,False,0.0
2025-05-16 04:00:00,152.87,153.055,151.3,152.5,6667966.0,0.006334044643159675,-0.0007207915601862291,-0.010332659247060276,96.37242630008139,1.0332659247060283,6889782.054898357,none,False,0.0
2025-05-19 04:00:00,150.55,153.82,150.11,153.7,7241083.0,0.0010939077751599413,0.007868852459016251,0.006834356738245139,97.03106984114638,0.6834356738245173,4948814.439324257,none,False,0.0
2025-05-20 04:00:00,153.035,153.89,151.925,153.82,5269482.0,-0.003362192149281351,0.0007807417046195031,0.007040259009245973,97.71419370477228,0.7040259009245986,3709851.812455956,none,False,0.0
2025-05-21 04:00:00,153.58,156.13,150.8308,151.31,9684483.0,-0.016850805431390725,-0.01631777402158363,0.012020718764408928,98.88878854658834,1.2020718764409022,11641444.652170017,none,False,0.0
2025-05-22 04:00:00,151.39,151.58,147.22,147.37,9539061.0,0.0003946059087946985,-0.026039257154186757,-0.02592909341748566,96.32469191042188,2.5929093417485616,24733920.378409375,none,False,0.0
2025-05-23 04:00:00,143.42,146.485,141.77,145.38,8994607.0,-0.006825704436707936,-0.013503426748999181,-0.0015746237087568178,96.17301676680103,0.15746237087568282,1416312.1433150128,none,False,0.0
2025-05-27 04:00:00,147.55,149.35,146.43,148.63,9788753.0,0.020790523389338844,0.022355207043609937,-0.010919896671175884,95.1228173611523,1.0919896671175766,10689217.129966179,none,False,0.0
2025-05-28 04:00:00,148.82,149.49,147.36,147.6,7032262.0,-0.0057853336716569,-0.00692996030411086,0.0032959011414192725,95.43633276346795,0.32959011414193107,2317764.0352559644,none,False,0.0
2025-05-29 04:00:00,149.86,150.4999,147.24,148.34,5984793.0,0.003947390808704654,0.00501355013550131,-0.0006916986579885917,95.37031958017211,0.06916986579885709,413967.3286439393,none,False,0.0
2025-05-30 04:00:00,148.0,148.02,143.48,145.2,13755571.0,-0.001118549275485048,-0.02116758797357432,-0.018580600599448133,93.5982817630112,1.8580600599448105,25558677.076835096,none,False,0.0
2025-06-02 04:00:00,144.8,147.205,144.48,146.63,6419509.0,0.005632942533806196,0.009848484848484995,0.0013842233653473205,93.72784269158393,0.13842233653473812,888603.4351857802,none,False,0.0
2025-06-03 04:00:00,146.71,149.78,145.515,148.94,6164120.0,0.005702620168379191,0.015753938484621255,0.00717562444818092,94.40039849107691,0.7175624448180873,4423141.017352068,none,False,0.0
2025-06-04 04:00:00,150.0,150.05,147.3826,149.05,7143844.0,-0.00026841584324532874,0.0007385524372232055,0.0019339901528529133,94.58296793218405,0.19339901528530046,1381612.394951802,none,False,0.0
2025-06-05 04:00:00,148.8,150.08,147.0,147.56,5613181.0,-0.004832782373768718,-0.009996645420999761,-0.0013299773714810295,94.45717472510673,0.13299773714809948,746540.3712027062,none,False,0.0
2025-06-06 04:00:00,149.8,150.59,149.05,149.24,5794700.0,0.010268948655256738,0.011385199240986799,-0.004667556577794153,94.01629051789871,0.4667556577794052,2704709.0101343193,none,False,0.0
2025-06-09 04:00:00,151.81,156.12,151.1685,155.41,10589377.0,0.0009012918516539958,0.0413428035379253,0.04062359317402991,97.83557005562923,4.062359317402997,43017854.321443,none,False,0.0
2025-06-10 04:00:00,156.19,159.51,155.07,159.13,9068443.0,0.0056696905016009325,0.023936683611093246,0.01541227083864504,99.34343835897982,1.5412270838645048,13976529.960081482,none,False,0.0
2025-06-11 04:00:00,160.0,162.14,157.7,159.48,8859937.0,-0.002852026265172114,0.0021994595613648027,0.007623906587742786,100.10082345313387,0.7623906587742812,6754733.206128629,none,False,0.0
2025-06-12 04:00:00,159.0,159.61,157.95,158.7,5689351.0,0.003974324863642353,-0.004890895410082807,-0.010640231488614232,99.03572751939161,1.064023148861426,6053601.165997903,none,False,0.0
2025-06-13 04:00:00,156.34,157.17,154.44,154.72,8446444.0,-0.011180124223602483,-0.025078764965343336,-0.0060223850793820095,98.43929623165309,0.602238507938202,5086773.831943579,none,False,0.0
2025-06-16 04:00:00,157.03,158.45,155.64,156.87,8686257.0,0.009514237855946295,0.013896070320579046,-0.0009213293585460386,98.34860121800025,0.09213293585460525,800290.3589976158,none,False,0.0
2025-06-17 04:00:00,156.65,157.58,154.39,154.46,7146944.0,-0.008545164929979365,-0.015363039459424965,-0.0006197198133524838,98.28765264120996,0.0619719813352515,442910.2801720877,none,False,0.0
2025-06-18 04:00:00,155.0,156.0994,153.15,153.63,6708683.0,-0.0001506200525495105,-0.005373559497604652,-0.004370937034379777,97.85804350025825,0.43709370343797405,2932323.097661378,none,False,0.0
2025-06-20 04:00:00,154.23,155.12,150.63,151.32,15501852.0,-0.005289234065345649,-0.015036125756688112,-0.005622310057816717,97.30785523804848,0.5622310057816771,8715621.841438701,none,False,0.0
2025-06-23 04:00:00,151.23,153.52,149.683,153.14,6860687.0,0.00987749882210398,0.012027491408934665,-0.0033845157214820055,96.97851527217159,0.33845157214821286,2322010.301166806,none,False,0.0
2025-06-24 04:00:00,154.73,156.3,154.15,155.71,7692670.0,0.01104723819045228,0.016782029515476138,-0.0005446775394765853,96.92569325309105,0.05446775394765124,419002.45676047826,none,False,0.0
2025-06-25 04:00:00,156.1,156.5317,154.59,155.93,5280104.0,0.0005603348824945176,0.001412882923383263,0.0012517714837307196,97.04702207194612,0.12517714837307903,660948.3618332881,none,False,0.0
2025-06-26 04:00:00,156.5,158.42,155.91,158.19,6278199.0,0.00782382395572534,0.014493683062912766,0.002443254774823239,97.28413267200577,0.24432547748232114,1533923.9684040311,none,False,0.0
2025-06-27 04:00:00,158.65,161.1,157.57,158.54,22100340.0,0.004968375635347355,0.0022125292369934435,-0.005163929078396683,96.7817643104342,0.516392907839669,11412458.83684535,none,False,0.0
2025-06-30 04:00:00,158.39,159.86,157.8,159.26,7988244.0,0.004781187490852323,0.00454144064589368,-0.0025286168285597477,96.53704031250112,0.2528616828559871,2019920.8209042416,none,False,0.0
2025-07-01 04:00:00,158.22,161.65,157.98,159.4,8942314.0,-0.00032370316419849665,0.0008790656787642792,0.002165001014736804,96.74604310273736,0.21650010147367116,1936011.8884094302,none,False,0.0
2025-07-02 04:00:00,159.68,162.79,158.8,162.32,8916394.0,0.004533311746134583,0.01831869510664985,0.011654375596180256,97.87355782650091,1.1654375596180433,10391500.463952964,none,False,0.0
2025-07-03 04:00:00,163.045,163.9573,162.09,162.21,4280155.0,0.007881376420340036,-0.0006776737309018843,-0.012822307363050421,96.61859298533423,1.2822307363050456,5488146.297149722,none,False,0.0
2025-07-07 04:00:00,161.11,161.49,157.57,158.09,7187449.0,-0.007451946141299293,-0.02539917391036317,-0.012445300690414446,95.41614554334697,1.2445300690414496,8944996.400201898,none,False,0.0
2025-07-08 04:00:00,159.47,161.83,158.61,159.45,6879080.0,-0.0005477862988978455,0.008602694667594335,0.010255422788958427,96.39467845678679,1.0255422788958413,7054787.379906803,none,False,0.0
2025-07-09 04:00:00,159.4,161.4838,158.25,159.35,4190504.0,0.0059967114808006095,-0.0006271558482282558,-0.00968685627631847,95.46091706077395,0.9686856276318601,4059280.99733382,none,False,0.0
2025-07-10 04:00:00,158.99,160.29,157.79,159.09,5666479.0,0.0028202416434319755,-0.0016316284907436085,-0.005491891571958278,94.93665605491648,0.5491891571958285,3111968.826277861,none,False,0.0
